# Blender 5.2.1 LTS
# www.blender.org
mtllib axis.mtl
o Face.baked
o Body.baked
v -77.305779 5.799737 139.990189
v -77.162582 -1.210871 147.535294
v -76.772911 -13.545816 151.263489
v -75.939758 -24.202810 149.794983
v -77.877174 5.947301 131.197723
v -77.730392 1.663685 123.563202
v -77.078255 -8.200673 120.324287
v -76.292305 -18.368237 122.820160
v -76.319366 -32.872913 142.904785
v -76.577888 -35.629124 136.676773
v -76.129555 -32.327248 129.546921
v -75.810028 -26.437374 125.770027
v -76.292305 -18.368237 122.820160
v -54.111778 -10.487394 148.978363
v -54.981380 0.985915 144.789124
v -55.349133 7.861232 138.026047
v -53.763340 -20.880838 148.663055
v -57.281609 9.325496 130.273773
v -57.756516 2.469249 123.452515
v -57.136379 -6.480583 120.752258
v -56.430328 -16.316454 122.555283
v -52.932507 -28.251202 144.950592
v -54.846222 -32.707825 140.791992
v -54.421085 -33.432800 135.283447
v -54.786476 -29.524368 129.999176
v -55.620670 -24.792107 126.065674
v -56.430328 -16.316454 122.555283
v -56.430328 -16.316439 122.555283
v -46.764412 -14.602946 122.961624
v -57.136379 -6.480568 120.752258
v -48.358028 -4.941425 120.575981
v -57.756454 2.469249 123.452515
v -49.748707 4.847113 122.352753
v -42.197735 -2.767169 118.474533
v -43.989353 7.966658 118.890129
v -40.020714 -12.984861 121.868797
v -48.815132 11.392376 129.054291
v -57.281525 9.325465 130.273773
v -42.835289 14.484493 128.271683
v -47.052204 9.420347 137.440887
v -40.135563 11.884614 138.076355
v -44.474945 2.545182 143.155197
v -54.981266 0.985959 144.789352
v -42.993351 -9.103954 147.487305
v -54.111778 -10.487394 148.978485
v -42.540188 -19.327715 147.633957
v -53.763397 -20.880537 148.663406
v -34.073082 -18.895847 146.726547
v -35.051861 -8.531362 147.597534
v -36.905087 4.502416 143.740707
v -43.605709 -26.051365 143.599945
v -34.250919 -27.166622 143.075043
v -55.349072 7.861217 138.026276
v -52.932507 -28.251202 144.950592
v -44.404381 -29.904394 143.623535
v -49.831802 -30.396343 144.169495
v -49.374748 -33.811684 141.009338
v -44.067333 -33.810257 140.791656
v -44.243385 -32.558014 134.968597
v -36.041397 -32.163528 134.437347
v -34.929714 -30.573463 138.884995
v -54.421085 -33.432800 135.283447
v -54.846222 -32.707825 140.791992
v -44.567314 -28.544838 129.892075
v -54.786476 -29.524368 129.999176
v -37.332352 -27.686983 128.498978
v -38.520565 -22.642113 125.279488
v -45.138424 -23.208488 126.191063
v -55.620613 -24.792120 126.065674
v -46.764412 -14.602946 122.961624
v -56.430328 -16.316439 122.555283
v -40.020714 -12.984861 121.868797
v 59.763359 9.938538 134.589813
v 73.735741 12.968573 134.601791
v 73.255936 15.236228 130.930878
v 59.582050 13.223952 130.049927
v 59.053268 18.158291 128.980347
v 72.413765 19.780451 130.087204
v 58.490353 22.429346 132.009506
v 71.952988 23.775938 133.196289
v 72.197311 24.909975 137.831802
v 58.168270 23.910543 137.905121
v 58.401470 21.536528 143.596680
v 72.516762 22.610781 142.252411
v 73.118904 17.887150 141.760330
v 59.076378 15.898296 142.971420
v 73.622986 13.355020 139.997070
v 59.583954 10.531775 140.525467
v 56.437824 15.550485 142.873367
v 56.930107 10.089061 140.550491
v 53.805542 15.160542 142.831390
v 54.271805 9.617889 140.601379
v 52.993061 20.919123 143.328964
v 55.691315 21.246206 143.428802
v 76.667229 13.602699 140.074921
v 76.230766 18.036699 141.928543
v 79.689629 14.304971 139.646881
v 79.305252 18.142633 142.045837
v 75.874611 22.579386 142.178635
v 78.948235 22.624273 141.958466
v 59.763359 9.938538 134.589813
v 73.735741 12.968573 134.601791
v 36.204334 19.125164 142.712433
v 37.355228 12.930158 143.160889
v 32.136196 18.660418 142.077072
v 34.695454 12.590066 144.126816
v 37.816975 6.890781 141.821335
v 32.062584 6.389796 140.013901
v 37.048828 21.440981 137.088226
v 33.083511 20.698757 136.725494
v 52.683411 23.097292 137.771866
v 34.947521 5.684226 133.654922
v 39.584633 5.968352 135.534607
v 54.401398 8.746094 134.723557
v 35.067444 19.266918 130.112900
v 38.190121 19.553164 130.509048
v 52.918991 21.117281 131.591125
v 38.614731 13.820486 127.927010
v 36.162006 13.363527 127.700073
v 53.566380 16.622429 128.670059
v 54.177109 11.678488 129.978027
v 39.287338 8.506195 129.939163
v 39.584633 5.968352 135.534607
v 54.401398 8.746094 134.723557
v 34.947521 5.684226 133.654922
v 35.791367 8.039888 129.432877
v 18.766188 -6.382357 92.771729
v 23.625050 -9.259172 93.262512
v 21.472918 -5.343034 77.069794
v 25.571209 -7.692004 77.342377
v 20.128040 -0.834989 77.529343
v 17.153152 -1.478729 92.854942
v 22.577377 3.263304 77.751213
v 19.728786 3.125834 93.424973
v 27.264450 4.811241 78.432693
v 25.474308 5.207248 94.194862
v 31.428059 3.374898 94.643364
v 31.977730 3.055173 78.859344
v 32.135925 -1.800324 78.570053
v 31.470108 -2.386340 94.359413
v 30.982510 -6.627768 78.160522
v 29.622513 -8.097269 93.968056
v 23.625050 -9.259172 93.262512
v 25.571209 -7.692004 77.342377
v 31.508320 -6.524878 74.824158
v 32.738125 -1.780435 75.191956
v 31.457848 -6.027973 71.411423
v 33.320904 -1.787771 71.808556
v 32.569592 3.040287 75.406113
v 32.503288 2.707990 71.857323
v 31.037041 -2.523822 97.287674
v 29.201370 -8.270579 96.944771
v 30.646378 -2.679111 100.218216
v 28.811111 -8.455770 99.924706
v 30.662998 3.186935 100.571480
v 31.025433 3.287998 97.607224
v 27.431667 -10.046379 119.167786
v 29.664608 -4.058331 120.141205
v 29.948994 -4.224288 123.959045
v 28.085251 -10.232872 127.511383
v 28.845901 1.829367 120.028221
v 29.610870 1.252692 130.511871
v 21.496880 -11.038403 115.765755
v 22.899368 -9.743520 99.345703
v 20.340725 -10.940595 118.310631
v 30.053875 4.321476 128.915176
v 21.107452 4.769524 116.981483
v 24.761860 5.005066 100.274078
v 18.897881 1.064094 120.030457
v 16.043808 1.299211 116.038887
v 18.619717 2.639802 99.648376
v 12.546263 -2.495767 117.753136
v 12.926409 -2.452254 115.732056
v 15.321274 -7.776933 118.422691
v 15.403231 -7.760668 115.630157
v 20.340725 -10.940595 118.310631
v 21.496880 -11.038403 115.765755
v 17.760757 -7.028551 98.954803
v 22.899368 -9.743520 99.345703
v 16.061092 -2.094582 99.093529
v -7.836032 -21.301331 117.587685
v -2.526358 -24.999331 109.597939
v -20.772503 -21.244909 112.543579
v -17.737045 -24.027786 112.383888
v -7.848661 -16.576464 117.763313
v -20.275333 -16.678915 112.543137
v -19.264820 -13.521255 109.507591
v -6.800421 -13.087892 114.600060
v -0.345896 -12.605890 105.991203
v -16.825832 -13.406353 108.459389
v -0.294355 -15.634104 103.375694
v -15.220975 -16.041819 104.679985
v -1.242527 -20.758791 104.766235
v -15.760795 -20.343220 105.576279
v -1.143647 -25.383007 106.498451
v -16.092762 -24.316631 107.341797
v -17.737045 -24.027786 112.383888
v -2.526358 -24.999331 109.597939
v 6.686681 -20.808294 102.740967
v 7.666576 -15.650825 101.849777
v 13.074848 -20.860735 102.193993
v 14.390701 -15.670404 101.676064
v 4.882807 -25.441227 104.574432
v 9.890631 -25.500957 103.864410
v -19.901794 -16.145815 109.983917
v -20.194069 -20.433769 111.069862
v -24.143967 -16.289444 117.414688
v -23.833542 -20.472301 117.677193
v -20.051884 -24.337511 113.008331
v -23.127960 -23.871660 120.243523
v 20.654741 -15.558085 118.189552
v 20.844290 -20.805576 118.972443
v 25.901966 -15.961063 129.144531
v 23.690693 -20.943853 124.819099
v 18.044476 -25.935829 119.136108
v 24.098511 -25.877666 129.516968
v 16.928413 -11.881433 119.175835
v 15.028826 -11.730931 116.811409
v 9.306252 -12.601270 104.323669
v 13.469328 -25.920950 120.324150
v 11.187485 -25.835747 117.588425
v 5.042648 -25.180519 106.769463
v 9.228005 -12.293950 117.995903
v 10.889128 -12.300453 120.297615
v 7.358127 -13.140723 102.998947
v 6.021561 -15.711651 120.742470
v 5.780847 -15.825642 118.708206
v 4.003748 -16.667759 103.680145
v 4.122745 -21.451199 103.649208
v 6.470236 -21.046070 118.569077
v 11.187485 -25.835747 117.588425
v 5.042648 -25.180519 106.769463
v 13.469328 -25.920950 120.324150
v 8.162350 -21.006771 120.955315
v -6.722844 -35.792244 121.354492
v -2.991778 -39.393135 113.143326
v -19.058960 -36.437004 119.152954
v -16.295517 -39.466095 118.063614
v -18.981361 -32.643131 118.702301
v -6.893440 -31.636911 121.062706
v -6.649633 -28.947859 117.756645
v -18.790119 -30.138462 115.776474
v -1.625283 -29.182085 108.491531
v -16.542812 -30.360970 113.544632
v -2.460980 -32.080559 107.349907
v -15.388272 -33.099339 109.997650
v -1.831788 -36.701820 107.994125
v -15.287862 -37.216019 110.786575
v -2.877726 -40.364784 110.985153
v -15.712777 -40.198383 113.614090
v -16.295517 -39.466095 118.063614
v -2.991778 -39.393135 113.143326
v -18.959187 -33.267338 114.981758
v -18.674488 -37.396191 115.901184
v -21.626438 -33.497593 121.732430
v -21.247166 -37.133305 121.956558
v -18.297592 -40.351055 118.268944
v -20.151489 -40.019939 124.125992
v 4.440531 -36.799881 105.179344
v 5.025646 -32.024624 104.173096
v 9.659148 -36.715996 103.867935
v 11.293519 -31.718859 102.777687
v 2.927809 -40.225189 107.411148
v 7.511919 -40.040581 105.205376
v 12.883356 -40.462852 117.724297
v 17.075104 -36.012230 116.496407
v 13.560492 -40.246643 120.526985
v 18.411163 -36.028423 119.804214
v 17.368252 -30.809561 115.595764
v 21.416573 -30.132387 126.482697
v 7.629536 -38.460361 117.655907
v 3.115415 -39.035824 108.360641
v 8.041930 -38.346970 120.297455
v 15.717058 -27.191397 121.321640
v 12.783560 -26.607405 115.247704
v 7.340477 -28.850857 105.003540
v 7.497556 -26.205095 115.919571
v 7.794130 -25.810200 118.175034
v 5.731922 -28.429859 102.877007
v 3.932553 -28.943336 116.717026
v 4.234691 -28.466974 119.136795
v 4.252967 -34.458687 117.483856
v 1.899565 -35.145042 104.273727
v 3.115415 -39.035824 108.360641
v 7.629536 -38.460361 117.655907
v 4.610476 -34.386604 119.806541
v 8.041930 -38.346970 120.297455
v 2.325233 -30.975189 103.799614
v 0.595509 55.622536 123.629265
v 0.285260 57.736084 123.645111
v 2.618410 57.460766 128.267410
v 2.401530 55.156219 128.590240
v 2.435525 59.459492 127.769348
v 0.064450 59.844574 123.609024
v 0.474236 55.436283 118.631500
v 0.093256 57.803009 118.913612
v -0.006955 59.655315 118.957565
v 4.641599 59.320389 116.109146
v 7.939772 58.259972 128.469711
v 4.068705 53.998638 115.996712
v 4.938478 76.146019 124.641701
v 5.977014 73.137947 126.276550
v 8.158131 72.954460 126.065224
v 7.403541 76.426247 124.052956
v 4.162889 77.058586 122.277802
v 6.604311 77.584473 121.564598
v 5.967790 76.592842 119.096832
v 3.839385 76.325676 119.657127
v 3.794727 73.561134 117.777069
v 5.695260 73.163544 116.848259
v -4.385688 42.687004 118.083931
v -0.442558 40.659367 114.563934
v -3.113794 38.965302 118.174034
v -4.842034 42.654022 125.152718
v -5.361320 39.653072 125.689644
v -1.584086 41.908974 131.466309
v -1.845936 37.817513 132.104568
v 4.471876 40.391232 133.215668
v 5.692151 33.840641 133.145813
v 12.739143 33.894413 127.244682
v 10.417603 40.610622 128.283615
v 11.899885 39.354122 121.695068
v 16.378658 28.997255 120.238937
v 8.604929 31.899250 113.384819
v 7.323592 40.517239 115.767921
v -0.442558 40.659367 114.563934
v 0.931067 33.077179 113.363770
v 0.931067 33.077179 113.363770
v 7.907342 53.597797 129.028397
v 12.389599 52.251610 125.899467
v 11.331961 58.191021 125.720650
v 12.629223 51.807480 120.886322
v 11.949163 58.704594 120.872681
v 8.755707 58.362278 116.957909
v 9.554749 52.676918 117.109085
v 4.641599 59.320389 116.109146
v 4.068705 53.998638 115.996712
v 9.495280 71.438942 117.696098
v 5.695260 73.163544 116.848259
v 8.774545 75.048409 118.489807
v 11.870414 71.173233 120.539444
v 9.469420 75.702110 120.974121
v 5.967790 76.592842 119.096832
v 6.604311 77.584473 121.564598
v 9.914697 74.728447 123.584732
v 11.200460 71.622627 123.987717
v 8.158131 72.954460 126.065224
v 7.403541 76.426247 124.052956
v 15.832788 23.154472 134.709290
v 3.611986 27.873638 135.105911
v 15.143779 28.097166 126.717705
v 18.762707 23.915398 126.659286
v 25.265762 20.946207 135.422485
v 26.913914 21.643839 128.177307
v 33.083511 20.698757 136.725494
v 35.067444 19.266918 130.112900
v 32.136196 18.660418 142.077072
v 23.407803 18.824337 141.792191
v 11.039473 16.892986 142.923187
v 27.268505 14.372290 144.746109
v 34.695454 12.590066 144.126816
v 28.788952 11.668692 145.351974
v 32.062584 6.389796 140.013901
v 27.484619 9.059005 143.988235
v 22.844513 14.984019 145.077728
v 23.458359 11.354564 146.479843
v 23.936535 7.926321 145.354904
v 25.178841 4.124449 143.903427
v 29.610870 1.252692 130.511871
v 34.947521 5.684226 133.654922
v 30.053875 4.321476 128.915176
v 19.851562 13.693410 145.006470
v 19.123148 10.982486 145.788727
v 21.154154 8.100645 145.579834
v 10.665888 10.162826 146.623611
v 19.311970 2.937759 145.453354
v 30.102608 -1.850278 138.259338
v 29.948994 -4.224288 123.959045
v 31.090179 -4.657360 137.181763
v 29.651894 -7.215351 137.869354
v 28.085251 -10.232872 127.511383
v 27.599644 -4.677730 145.372650
v 26.681534 -0.771350 144.801224
v 27.227360 -8.156561 144.671524
v 27.874516 -13.026039 142.414139
v 25.901966 -15.961063 129.144531
v 16.928413 -11.881433 119.175835
v 20.340725 -10.940595 118.310631
v 22.903896 -1.821236 146.817947
v 21.911230 -4.756385 147.490829
v 24.129173 -7.685831 146.897644
v 14.282808 -5.056522 148.311905
v 22.235296 -12.507295 146.713150
v 27.246231 -18.861629 134.067596
v 23.690693 -20.943853 124.819099
v 27.154354 -21.820435 132.976959
v 25.904488 -23.831099 134.012054
v 24.098511 -25.877666 129.516968
v 26.667862 -21.675331 139.196548
v 26.775600 -17.714968 139.462585
v 25.668846 -24.666445 138.800995
v 25.667213 -28.921886 139.287659
v 21.416573 -30.132387 126.482697
v 13.469328 -25.920950 120.324150
v 15.717058 -27.191397 121.321640
v 24.670723 -18.154930 144.693695
v 23.235725 -20.622549 145.073853
v 24.100456 -23.754713 143.468109
v 15.921397 -20.075314 147.247681
v 20.606503 -27.934210 143.016708
v 23.139210 -34.590508 130.924850
v 18.411163 -36.028423 119.804214
v 22.360229 -37.090603 129.234680
v 13.560492 -40.246643 120.526985
v 20.966465 -38.424793 129.663742
v 22.712738 -37.135208 134.427078
v 23.383785 -33.668926 135.900772
v 21.306206 -39.261497 133.399414
v 19.160854 -41.250267 131.592850
v 15.035894 -40.176052 129.010895
v 8.041930 -38.346970 120.297455
v 4.610476 -34.386604 119.806541
v 14.599453 -34.159618 126.612999
v 13.108971 -38.813335 129.865173
v 13.387180 -31.696756 124.465324
v 13.256731 -39.756302 135.953323
v 21.760378 -33.891743 137.539459
v 20.717426 -35.971767 137.394135
v 20.718954 -38.462933 135.517807
v 14.656743 -34.661449 141.035889
v 1.178083 -38.438068 128.895416
v -0.888099 -31.269491 120.630455
v 1.529529 -37.866432 136.233612
v -10.315328 -35.571198 136.208328
v -11.744266 -36.401657 129.515472
v -27.906963 -32.358341 137.966934
v -28.511555 -33.470219 131.838303
v -10.187922 -30.850855 141.684723
v -26.850342 -27.588524 141.944977
v -26.314510 -19.176649 146.496719
v -10.907899 -19.735888 146.687805
v -27.162354 -7.986614 147.988708
v -12.157279 -6.373534 148.486084
v -14.501107 7.815484 145.886459
v -29.196007 6.298163 144.065277
v -35.051861 -8.531362 147.597534
v -34.073082 -18.895847 146.726547
v -36.905087 4.502416 143.740707
v -34.250919 -27.166622 143.075043
v -36.041397 -32.163528 134.437347
v -34.929714 -30.573463 138.884995
v -29.868912 -28.634604 125.308983
v -37.332352 -27.686983 128.498978
v -38.520565 -22.642113 125.279488
v -31.455582 -21.938122 122.397171
v -40.020714 -12.984861 121.868797
v -32.586346 -11.444421 119.528267
v -14.996879 -19.790201 118.264732
v -18.168892 -8.212655 117.122734
v -13.909925 -30.022369 121.689751
v -0.624580 -17.624174 118.120773
v -1.325344 -4.145650 114.940552
v 15.554428 -15.818519 122.199989
v 17.219273 -5.177985 120.030075
v 20.379608 -14.789815 126.233223
v 22.452393 -3.060987 123.995766
v 20.438263 12.501923 119.241768
v 27.429661 12.116022 122.592667
v 18.762707 23.915398 126.659286
v 26.913914 21.643839 128.177307
v 35.791367 8.039888 129.432877
v 18.897881 1.064094 120.030457
v 34.947521 5.684226 133.654922
v 30.053875 4.321476 128.915176
v 12.546263 -2.495767 117.753136
v 15.321274 -7.776933 118.422691
v 36.162006 13.363527 127.700073
v 10.889128 -12.300453 120.297615
v 20.340725 -10.940595 118.310631
v 16.928413 -11.881433 119.175835
v 6.021561 -15.711651 120.742470
v 35.067444 19.266918 130.112900
v 8.162350 -21.006771 120.955315
v 7.794130 -25.810200 118.175034
v 13.469328 -25.920950 120.324150
v 15.717058 -27.191397 121.321640
v 14.094568 -26.975462 126.063904
v 4.234691 -28.466974 119.136795
v 18.762707 23.915398 126.659286
v 15.143779 28.097166 126.717705
v 17.518368 21.969902 119.296593
v 20.438263 12.501923 119.241768
v 12.571338 3.220489 115.203468
v 6.672610 19.582291 112.295006
v -3.642034 8.283938 109.133118
v -1.325344 -4.145650 114.940552
v -18.168892 -8.212655 117.122734
v -22.882198 14.103178 108.220612
v -33.986408 3.588528 114.039146
v -34.891426 17.701578 114.202469
v -25.732700 24.598875 112.544495
v -24.967743 28.143744 126.547203
v -15.066606 32.222458 125.925140
v -10.874677 26.462587 135.467361
v -4.969568 29.378113 133.696732
v -7.955846 34.247444 126.045784
v -3.645762 33.224716 131.330521
v -4.956747 35.575142 126.001137
v -5.031819 36.063297 126.374397
v -3.601781 36.127960 120.515373
v -2.693336 36.733902 120.338638
v -5.715884 37.573013 126.223106
v -3.763701 37.735050 121.491150
v -5.361320 39.653072 125.689644
v -3.113794 38.965302 118.174034
v -3.631964 36.069340 130.788391
v -1.845936 37.817513 132.104568
v -3.807570 34.386421 131.402924
v -2.204350 33.361347 133.052917
v -2.251818 35.454590 116.525192
v -6.947476 33.152763 115.290443
v -13.975532 29.149786 113.810135
v -2.347683 27.821447 113.164360
v -10.498021 22.034456 110.120453
v 8.604929 31.899250 113.384819
v 16.378658 28.997255 120.238937
v 12.739143 33.894413 127.244682
v 0.931067 33.077179 113.363770
v 0.913785 -5.936419 148.456360
v 2.093424 -19.949650 147.039673
v 1.655678 -32.812611 141.897217
v -0.749626 9.225442 146.294189
v -3.413570 19.156492 141.464966
v -16.087124 13.412719 142.860367
v -31.564972 18.412161 137.690491
v -20.684681 22.479441 137.615662
v -34.694336 22.559616 126.456635
v 5.692151 33.840641 133.145813
v 12.739143 33.894413 127.244682
v -35.770451 15.297027 137.653015
v -40.135563 11.884614 138.076355
v -38.281338 19.193998 126.904495
v -39.222298 13.193725 116.020302
v -42.197735 -2.767169 118.474533
v -32.586346 -11.444421 119.528267
v -40.020714 -12.984861 121.868797
v -43.989353 7.966658 118.890129
v -42.835289 14.484493 128.271683
v 12.571338 3.220489 115.203468
v 95.321411 23.179708 135.971466
v 92.890457 24.388197 135.034531
v 92.626953 21.650715 133.086487
v 96.464676 21.255072 135.289032
v 96.495712 22.880217 138.565048
v 97.826469 20.579876 138.019241
v 95.682068 19.077436 134.959869
v 93.281998 18.248142 133.177841
v 97.104546 18.171896 137.392563
v 93.925697 16.085752 136.650024
v 79.807793 13.811535 134.533417
v 79.391556 16.709347 130.469772
v 78.821022 21.255188 130.092316
v 78.573280 24.959976 133.151978
v 78.659386 25.430405 137.891541
v 92.953423 24.768213 138.637421
v 92.953423 24.768213 138.637421
v 92.640541 23.259296 141.181488
v 95.587837 22.134197 140.717087
v 96.495712 22.880217 138.565048
v 96.565742 19.883457 140.180527
v 97.826469 20.579876 138.019241
v 97.104546 18.171896 137.392563
v 95.896324 17.617466 139.367645
v 93.925697 16.085752 136.650024
v 92.901825 15.768846 138.920868
v 79.807793 13.811535 134.533417
v 28.599678 1.459816 53.607147
v 26.932392 3.013578 55.980118
v 25.516888 -0.204608 56.511719
v 28.371078 -0.564081 52.781036
v 31.449928 1.585135 52.753883
v 31.399925 -0.851854 51.776031
v 28.031349 -2.735665 53.575928
v 26.193783 -3.816302 56.245163
v 30.858723 -3.301263 52.546066
v 30.625450 3.809643 56.394493
v 28.034496 4.923121 71.410645
v 23.231514 3.690302 70.933273
v 20.735907 -0.490677 70.552078
v 21.860035 -5.034059 70.335648
v 26.383896 -7.288853 70.653305
v 32.888119 3.030358 57.506645
v 33.468502 1.184297 54.248756
v 33.398434 -1.132224 53.340378
v 31.449928 1.585135 52.753883
v 31.399925 -0.851854 51.776031
v 30.858723 -3.301263 52.546066
v 32.935459 -3.526496 54.068565
v 29.541157 -5.638260 56.128876
v 31.910858 -5.390471 57.148415
v 30.625450 3.809643 56.394493
v 26.383896 -7.288853 70.653305
v -31.743641 -17.555330 134.775467
v -35.898193 -18.409374 134.238266
v -35.523708 -16.709791 133.074738
v -33.123016 -15.082251 132.895248
v -37.633961 -17.122307 131.725098
v -38.039692 -19.294718 132.617126
v -34.974148 -20.399862 134.288101
v -31.954350 -21.238657 134.344025
v -33.781906 -22.821863 132.665634
v -36.906555 -21.379856 133.043961
v -19.722767 -20.995300 131.432663
v -19.603779 -16.752962 131.316986
v -21.039207 -13.579720 128.612991
v -23.008965 -13.488160 119.213814
v -22.010483 -23.903780 122.989571
v -35.028072 -16.201860 128.195038
v -37.524662 -17.940125 129.400909
v -37.913204 -20.111942 130.236542
v -37.633961 -17.122307 131.725098
v -38.039692 -19.294718 132.617126
v -36.906555 -21.379856 133.043961
v -36.865559 -21.893982 130.616333
v -33.781906 -22.821863 132.665634
v -33.802273 -23.391390 130.504288
v -34.747536 -15.110300 130.250031
v -22.010483 -23.903780 122.989571
v -34.747536 -15.110300 130.250031
v -30.525597 -35.436714 137.420547
v -30.533211 -33.652267 136.236969
v -26.776886 -34.408024 137.499756
v -28.258888 -32.422764 135.052521
v -29.914471 -32.737518 133.215759
v -32.452641 -34.553871 135.122360
v -32.551434 -36.419437 136.177368
v -29.537167 -37.128059 137.541092
v -26.463505 -37.846832 137.171387
v -28.173801 -39.285954 136.114929
v -31.329350 -38.221756 136.563782
v -18.859180 -39.714760 126.900185
v -16.013710 -36.936695 133.465942
v -16.170002 -33.119915 133.235168
v -17.897789 -30.455149 130.837921
v -20.790985 -30.659122 123.121788
v -30.448994 -33.605423 131.762207
v -32.363945 -35.206497 133.201996
v -29.914471 -32.737518 133.215759
v -32.452641 -34.553871 135.122360
v -32.510674 -37.061321 134.047211
v -32.551434 -36.419437 136.177368
v -31.329350 -38.221756 136.563782
v -31.450668 -38.931526 134.426025
v -28.669010 -39.940605 133.988998
v -28.173801 -39.285954 136.114929
v -18.859180 -39.714760 126.900185
v 96.485344 19.809473 139.890030
v 98.733170 18.621859 139.332321
v 99.179298 19.883856 139.926117
v 98.056709 21.200911 140.281326
v 97.199295 17.589930 139.120056
v 95.244148 16.841785 139.095627
v 96.139587 22.077528 140.619461
v 94.163254 22.447252 140.947830
v 87.736053 18.880621 140.751236
v 90.393982 15.805620 139.667831
v 88.252670 15.899137 140.106445
v 87.267990 17.030468 140.642700
v 87.025581 18.705103 141.180176
v 87.099106 20.434650 141.583191
v 87.884315 21.783588 141.781204
v 89.768990 22.320372 141.678558
v 33.181522 -1.106496 53.469925
v 33.534866 -1.106286 50.797691
v 33.548019 0.326312 51.671257
v 33.085415 -2.372867 51.454140
v 32.809998 -3.482268 52.777878
v 32.769497 -4.113083 54.764984
v 33.249043 -1.602051 62.250076
v 32.550945 -4.839988 59.716343
v 32.680710 -4.599680 61.870663
v 33.177925 -3.396190 62.816990
v 33.691956 -1.693624 63.000599
v 33.718231 0.064628 62.913464
v 33.534210 1.407340 62.137871
v 33.433769 1.342740 53.791481
v 33.492241 1.756836 55.772972
v 33.337299 1.878613 60.291637
v -37.022404 -19.876682 130.289948
v -39.779968 -20.150694 130.974945
v -38.991463 -18.803064 130.227310
v -39.046738 -21.333025 131.300888
v -37.417171 -17.707989 129.214569
v -35.792770 -17.283314 128.093079
v -29.515388 -20.220226 125.413254
v -32.025829 -17.193554 125.685715
v -30.377438 -17.594322 124.723122
v -29.429779 -18.764400 124.427315
v -29.064754 -20.364159 124.692520
v -28.789158 -21.917702 125.394043
v -29.222012 -23.041061 126.451859
v -31.143436 -23.387255 127.746254
v -37.435120 -22.258413 131.101761
v -35.587997 -22.835146 130.274200
v -31.693756 -36.732391 133.795197
v -34.328499 -37.051262 134.859360
v -33.854603 -35.808483 134.099609
v -33.606796 -38.102978 135.028625
v -32.354252 -34.863918 132.941818
v -30.910519 -34.436665 131.760452
v -25.233261 -36.824608 128.788193
v -27.593300 -34.205742 129.135284
v -26.107014 -34.496742 128.100372
v -25.297943 -35.561859 127.798424
v -24.837399 -36.963970 128.082397
v -24.464596 -38.312611 128.742874
v -24.777561 -39.295597 129.745880
v -26.333462 -39.586109 131.095108
v -32.060028 -38.828602 134.726807
v -30.362408 -39.271286 133.792938
v 4.150776 75.851822 122.025536
v 4.716773 77.768211 123.621284
v 4.243415 78.271393 122.114601
v 4.013588 77.345665 120.390923
v 3.666549 75.692596 119.165306
v 3.266600 73.939255 118.697777
v 2.200898 69.989174 118.517342
v 2.512311 68.185905 122.310188
v 1.808550 68.452370 118.985214
v 1.526115 67.887848 120.558754
v 1.705667 67.821724 122.483345
v 2.270421 68.122040 124.226921
v 3.152746 68.908722 125.488388
v 3.831750 70.215538 125.822090
v 5.057150 76.357826 124.817169
v 4.878057 74.581825 125.532341
v 29.541157 -5.638260 56.128876
v -25.767582 -37.109581 128.342621
v -24.837399 -36.963970 128.082397
v -25.297943 -35.561859 127.798424
v -26.107014 -34.496742 128.100372
v -24.464596 -38.312611 128.742874
v -24.777561 -39.295597 129.745880
v -26.333462 -39.586109 131.095108
v -27.593300 -34.205742 129.135284
v -32.463818 -37.137405 133.153824
v -30.362408 -39.271286 133.792938
v -32.060028 -38.828602 134.726807
v -33.606796 -38.102978 135.028625
v -34.328499 -37.051262 134.859360
v -33.854603 -35.808483 134.099609
v -32.354252 -34.863918 132.941818
v -30.910519 -34.436665 131.760452
v -37.598587 -20.518507 129.376160
v -39.779968 -20.150694 130.974945
v -39.046738 -21.333025 131.300888
v -37.435120 -22.258413 131.101761
v -35.587997 -22.835146 130.274200
v -38.991463 -18.803064 130.227310
v -37.417171 -17.707989 129.214569
v -35.792770 -17.283314 128.093079
v -31.143436 -23.387255 127.746254
v -30.081913 -20.464632 124.903740
v -29.222012 -23.041061 126.451859
v -28.789158 -21.917702 125.394043
v -29.064754 -20.364159 124.692520
v -29.429779 -18.764400 124.427315
v -30.377438 -17.594322 124.723122
v -32.025829 -17.193554 125.685715
v 33.957294 -1.682339 62.038612
v 33.177925 -3.396190 62.816990
v 33.691956 -1.693624 63.000599
v 32.680710 -4.599680 61.870663
v 32.550945 -4.839988 59.716343
v 33.718231 0.064628 62.913464
v 33.534210 1.407340 62.137871
v 33.337299 1.878613 60.291637
v 32.769497 -4.113083 54.764984
v 33.791462 -1.238270 53.479668
v 32.809998 -3.482268 52.777878
v 33.085415 -2.372867 51.454140
v 33.534866 -1.106286 50.797691
v 33.548019 0.326312 51.671257
v 33.433769 1.342740 53.791481
v 33.492241 1.756836 55.772972
v 88.045845 18.691793 141.442444
v 87.025581 18.705103 141.180176
v 87.099106 20.434650 141.583191
v 87.884315 21.783588 141.781204
v 89.768990 22.320372 141.678558
v 87.267990 17.030468 140.642700
v 88.252670 15.899137 140.106445
v 90.393982 15.805620 139.667831
v 95.244148 16.841785 139.095627
v 96.495659 19.534349 140.341248
v 97.199295 17.589930 139.120056
v 98.733170 18.621859 139.332321
v 99.179298 19.883856 139.926117
v 98.056709 21.200911 140.281326
v 96.139587 22.077528 140.619461
v 94.163254 22.447252 140.947830
v 1.542106 68.742729 122.553093
v 1.705667 67.821724 122.483345
v 1.526115 67.887848 120.558754
v 1.808550 68.452370 118.985214
v 2.200898 69.989174 118.517342
v 2.270421 68.122040 124.226921
v 3.152746 68.908722 125.488388
v 3.221959 76.248383 122.070877
v 3.266600 73.939255 118.697777
v 3.666549 75.692596 119.165306
v 4.013588 77.345665 120.390923
v 4.243415 78.271393 122.114601
v 4.716773 77.768211 123.621284
v 5.057150 76.357826 124.817169
v 4.878057 74.581825 125.532341
v 3.831750 70.215538 125.822090
vn 0.0895 0.1667 0.9819
vn -0.6390 0.4479 0.6254
vn -0.6359 0.0414 0.7707
vn 0.0456 0.4966 0.8668
vn -0.0731 0.8600 0.5050
vn -0.6308 0.7091 0.3151
vn 0.1170 -0.2599 0.9585
vn -0.5497 -0.3453 0.7607
vn -0.1865 0.9440 -0.2722
vn -0.7325 0.6450 -0.2178
vn -0.6629 0.4113 -0.6256
vn -0.1263 0.5157 -0.8474
vn -0.6805 0.0277 -0.7322
vn -0.0103 0.0121 -0.9999
vn 0.0475 -0.2830 -0.9579
vn 0.0029 -0.3002 -0.9539
vn -0.5837 -0.6326 0.5089
vn 0.1006 -0.5137 0.8521
vn -0.0681 -0.8723 0.4842
vn -0.6231 -0.7802 -0.0546
vn 0.0606 -0.9366 -0.3450
vn 0.0778 -0.7252 -0.6841
vn -0.6019 -0.6211 -0.5020
vn 0.0679 -0.4623 -0.8841
vn -0.6263 -0.3442 -0.6995
vn 0.0476 -0.2829 -0.9580
vn -0.8407 -0.1587 -0.5177
vn -0.0102 -0.3055 -0.9521
vn 0.0475 -0.2830 -0.9580
vn -0.1501 -0.0836 -0.9851
vn -0.1399 0.5115 -0.8478
vn -0.3703 0.4546 -0.8101
vn -0.3075 -0.2393 -0.9210
vn -0.6932 0.4254 -0.5819
vn -0.2014 -0.3406 -0.9184
vn -0.4231 0.8838 -0.2000
vn -0.7394 0.6733 0.0009
vn -0.1898 0.7909 0.5817
vn -0.3930 0.6966 0.6002
vn -0.0413 0.4569 0.8886
vn 0.0455 0.4967 0.8667
vn 0.0442 0.1815 0.9824
vn 0.0895 0.1668 0.9819
vn 0.0966 -0.2129 0.9723
vn 0.1170 -0.2598 0.9585
vn 0.0263 -0.2489 0.9682
vn -0.0452 0.1258 0.9910
vn -0.1322 0.3624 0.9226
vn 0.1160 -0.3963 0.9108
vn 0.0715 -0.5377 0.8401
vn 0.1847 -0.4761 0.8597
vn 0.0001 -0.4451 0.8955
vn -0.0016 -0.9677 0.2519
vn 0.1832 -0.9316 0.3140
vn 0.0835 -0.9137 -0.3978
vn -0.0760 -0.9586 -0.2745
vn 0.0970 -0.8724 0.4790
vn 0.0333 -0.7046 -0.7089
vn -0.1883 -0.6902 -0.6987
vn -0.1924 -0.4185 -0.8876
vn 0.0192 -0.4526 -0.8915
vn 0.1125 -0.5532 -0.8254
vn 0.1669 -0.9440 -0.2847
vn 0.1910 -0.9468 -0.2589
vn 0.1455 -0.5501 -0.8224
vn 0.0497 0.2268 -0.9727
vn 0.0152 0.2400 -0.9706
vn -0.0505 0.8366 -0.5454
vn -0.0625 0.8495 -0.5239
vn -0.0591 0.9922 0.1098
vn -0.0802 0.9948 0.0628
vn 0.0107 0.4776 0.8785
vn 0.0353 0.4796 0.8767
vn 0.0866 -0.2490 0.9646
vn 0.0783 -0.2388 0.9679
vn 0.1572 -0.7966 0.5837
vn 0.1645 -0.7810 0.6024
vn 0.0124 -0.2486 0.9685
vn 0.0971 -0.7132 0.6942
vn 0.0188 -0.1666 0.9858
vn 0.1312 -0.7301 0.6706
vn -0.0801 0.5067 0.8584
vn -0.0603 0.3819 0.9222
vn 0.0900 -0.7647 0.6381
vn 0.0255 -0.2380 0.9709
vn 0.1465 -0.8740 0.4633
vn 0.0833 -0.2617 0.9616
vn 0.0022 0.3870 0.9221
vn 0.0241 0.5531 0.8328
vn 0.1918 -0.9488 -0.2510
vn 0.1691 -0.9459 -0.2770
vn -0.0721 0.5702 0.8183
vn 0.0582 -0.1241 0.9906
vn 0.0168 0.7618 0.6476
vn 0.0726 -0.0609 0.9955
vn 0.0481 -0.7022 0.7103
vn 0.2635 -0.5187 0.8133
vn -0.1127 0.9925 0.0479
vn 0.0292 0.9919 0.1240
vn -0.1055 0.9941 0.0261
vn 0.6959 -0.4818 0.5326
vn 0.1764 -0.9765 -0.1238
vn 0.1752 -0.9626 -0.2066
vn 0.2581 0.7821 -0.5672
vn -0.0575 0.7898 -0.6107
vn -0.0574 0.7930 -0.6065
vn 0.0415 0.0865 -0.9954
vn 0.4138 0.1981 -0.8886
vn 0.0501 0.1300 -0.9902
vn 0.1501 -0.6177 -0.7719
vn 0.1637 -0.6444 -0.7470
vn 0.1740 -0.9779 -0.1157
vn 0.1786 -0.9633 -0.2002
vn 0.6585 -0.4894 0.5717
vn 0.8151 -0.0812 -0.5737
vn -0.7553 -0.6383 -0.1486
vn -0.1762 -0.9782 -0.1101
vn -0.7548 -0.6307 -0.1801
vn -0.1727 -0.9799 -0.0996
vn -0.9800 0.1280 -0.1523
vn -0.9741 0.1233 -0.1897
vn -0.6027 0.7938 -0.0814
vn -0.6081 0.7869 -0.1048
vn -0.0131 0.9997 -0.0212
vn -0.0410 0.9989 -0.0205
vn 0.8087 0.5864 0.0463
vn 0.8137 0.5800 0.0401
vn 0.9888 -0.1347 0.0638
vn 0.9884 -0.1360 0.0670
vn 0.6749 -0.7379 0.0014
vn 0.6829 -0.7306 0.0020
vn -0.1625 -0.9806 -0.1096
vn -0.1679 -0.9807 -0.1000
vn 0.7288 -0.6829 0.0499
vn 0.9868 -0.1151 0.1143
vn 0.7061 -0.7079 -0.0197
vn 0.9928 -0.1163 0.0294
vn 0.8545 0.5115 0.0902
vn 0.8420 0.5389 0.0229
vn 0.9788 -0.1627 0.1247
vn 0.7451 -0.6635 0.0683
vn 0.9863 -0.1450 0.0792
vn 0.6938 -0.7201 0.0093
vn 0.7724 0.6252 0.1115
vn 0.8690 0.4802 0.1194
vn 0.7052 -0.7067 -0.0575
vn 0.9914 -0.1308 -0.0028
vn 0.9752 -0.0642 -0.2116
vn 0.7926 -0.3749 -0.4808
vn 0.8301 0.5287 -0.1775
vn 0.8385 -0.0935 -0.5368
vn -0.0979 -0.9886 -0.1144
vn -0.1645 -0.9823 -0.0894
vn 0.6070 -0.6179 -0.4998
vn 0.6277 -0.6553 -0.4202
vn -0.1808 0.9821 0.0528
vn -0.0273 0.9992 0.0302
vn -0.6408 0.6900 -0.3365
vn -0.6398 0.7564 0.1358
vn -0.6342 0.7681 -0.0878
vn -0.8807 0.1604 -0.4456
vn -0.9854 0.0787 -0.1513
vn -0.6627 -0.1717 -0.7289
vn -0.7430 -0.6548 -0.1382
vn 0.6208 -0.6112 -0.4910
vn -0.1021 -0.9871 -0.1235
vn -0.7184 -0.6759 -0.1646
vn -0.1601 -0.9826 -0.0942
vn -0.9804 0.0815 -0.1795
vn 0.7129 0.2021 0.6715
vn -0.0094 -0.9837 0.1794
vn 0.1451 -0.4787 0.8659
vn 0.5273 0.1491 0.8365
vn 0.1674 0.3183 0.9331
vn 0.6949 0.1574 0.7017
vn 0.3418 -0.2766 0.8982
vn 0.2250 0.8232 0.5213
vn -0.0444 0.9450 -0.3240
vn -0.4172 0.8210 -0.3898
vn -0.1912 0.2394 -0.9519
vn -0.3769 0.2664 -0.8871
vn -0.1758 -0.2687 -0.9470
vn -0.4938 -0.2500 -0.8329
vn -0.1252 -0.8693 -0.4782
vn -0.4242 -0.7325 -0.5324
vn 0.3025 -0.8895 0.3426
vn 0.0687 -0.8873 0.4560
vn -0.1590 -0.2292 -0.9603
vn -0.1398 0.1518 -0.9785
vn 0.4521 -0.2999 -0.8400
vn 0.5555 0.3593 -0.7499
vn -0.2095 -0.7551 -0.6212
vn 0.1522 -0.7374 -0.6580
vn -0.8083 0.1556 -0.5679
vn -0.8344 -0.1874 -0.5183
vn -0.7761 0.2289 -0.5876
vn -0.7868 -0.2913 -0.5442
vn -0.5446 -0.7867 -0.2908
vn -0.3657 -0.8814 -0.2989
vn 0.8034 0.2810 -0.5249
vn 0.8057 -0.3415 -0.4840
vn 0.4009 -0.0413 -0.9152
vn 0.7705 -0.1960 -0.6065
vn 0.4629 -0.8294 -0.3128
vn 0.5236 -0.4103 -0.7467
vn 0.4873 0.0225 -0.8729
vn 0.2000 0.9626 -0.1830
vn -0.0509 0.9259 -0.3743
vn -0.3170 -0.8096 -0.4940
vn -0.2917 -0.9419 0.1663
vn -0.1357 -0.9044 0.4045
vn -0.4171 0.9030 0.1033
vn -0.7297 0.5198 -0.4443
vn -0.4117 -0.0985 0.9060
vn -0.9502 0.2913 -0.1108
vn -0.9361 0.3363 0.1029
vn -0.0918 0.1091 0.9898
vn -0.1807 0.1893 0.9652
vn -0.8339 -0.4529 0.3154
vn -0.3609 -0.9194 0.1566
vn -0.3623 0.1978 0.9108
vn -0.3183 -0.8394 -0.4405
vn -0.9632 -0.2645 -0.0475
vn 0.8183 0.2023 0.5380
vn 0.1918 -0.9407 0.2796
vn 0.3421 -0.4045 0.8482
vn 0.6511 -0.0599 0.7566
vn 0.7887 0.2710 0.5518
vn 0.3552 0.4237 0.8332
vn 0.2965 0.8823 0.3655
vn 0.0426 -0.3054 0.9513
vn -0.2880 0.8195 -0.4955
vn -0.5321 0.7244 -0.4382
vn -0.2935 0.1216 -0.9482
vn -0.4760 0.2094 -0.8542
vn -0.2950 -0.3971 -0.8691
vn -0.5061 -0.3735 -0.7774
vn -0.0141 -0.9801 -0.1982
vn -0.4435 -0.8222 -0.3567
vn 0.5144 -0.7709 0.3756
vn 0.3370 -0.6428 0.6879
vn -0.8676 0.0689 -0.4925
vn -0.8279 -0.3099 -0.4674
vn -0.8325 0.1295 -0.5386
vn -0.8048 -0.3405 -0.4862
vn -0.4009 -0.8977 -0.1831
vn -0.3034 -0.9272 -0.2197
vn -0.3076 -0.3165 -0.8973
vn -0.2946 0.0148 -0.9555
vn 0.3062 -0.4136 -0.8574
vn 0.4783 0.1935 -0.8566
vn -0.1238 -0.9485 -0.2917
vn -0.0574 -0.7557 -0.6524
vn 0.2855 -0.9505 -0.1228
vn 0.7999 -0.4813 -0.3583
vn 0.1232 -0.9725 -0.1978
vn 0.8458 -0.2691 -0.4606
vn 0.8430 0.1666 -0.5115
vn 0.3226 -0.0033 -0.9465
vn -0.5040 -0.8455 0.1765
vn 0.1369 -0.6343 0.7609
vn -0.5452 -0.8327 -0.0969
vn -0.2848 -0.9577 -0.0417
vn -0.2192 0.9479 -0.2313
vn 0.3741 0.4449 -0.8137
vn -0.2672 0.9552 -0.1275
vn -0.5402 0.3218 -0.7776
vn -0.7785 -0.2043 -0.5934
vn -0.9034 0.4249 0.0581
vn -0.9647 0.1654 -0.2050
vn -0.9311 -0.2949 0.2145
vn -0.1075 0.3492 0.9309
vn -0.4576 0.0516 0.8877
vn -0.5324 -0.8253 0.1881
vn -0.9100 -0.3927 -0.1333
vn 0.0259 0.0427 0.9988
vn -0.6078 0.1200 0.7850
vn -0.9667 -0.0764 0.2443
vn -0.9579 0.1826 0.2214
vn -0.5540 0.2951 0.7784
vn -0.6048 0.1264 0.7863
vn -0.9664 0.0646 0.2489
vn -0.8789 0.1903 -0.4373
vn -0.9160 -0.0555 -0.3974
vn -0.9241 0.0063 -0.3820
vn -0.0712 0.0255 -0.9971
vn 0.3534 0.1386 0.9252
vn -0.1647 0.1278 -0.9780
vn -0.7663 0.3308 0.5508
vn -0.1711 0.2138 0.9618
vn 0.2989 0.1894 0.9353
vn 0.3591 0.7421 0.5660
vn -0.9095 0.3463 0.2300
vn 0.2252 0.9739 -0.0274
vn 0.0812 0.7439 -0.6634
vn -0.9366 0.3383 -0.0909
vn -0.6440 0.1872 -0.7418
vn -0.1343 0.1324 -0.9821
vn -0.9204 0.0943 -0.3794
vn -0.2630 0.0704 -0.9622
vn -0.9102 -0.0887 -0.4046
vn -0.9567 0.2384 0.1667
vn -0.9530 0.2446 0.1791
vn -0.5790 0.3140 0.7524
vn -0.5060 0.3220 0.8002
vn 0.2533 0.2237 0.9412
vn 0.3096 0.4900 0.8149
vn 0.6700 0.5459 0.5031
vn 0.8169 0.1272 0.5626
vn 0.9450 0.1057 -0.3096
vn 0.8425 0.2818 -0.4591
vn 0.4122 0.1736 -0.8944
vn 0.4461 0.0987 -0.8895
vn -0.1131 0.1295 -0.9851
vn -0.0312 0.1240 -0.9918
vn -0.3113 0.0069 -0.9503
vn 0.3270 0.1871 0.9263
vn 0.8792 0.1296 0.4585
vn 0.8573 0.1302 0.4982
vn 0.9565 0.0764 -0.2815
vn 0.9593 0.0557 -0.2767
vn 0.5029 0.0386 -0.8635
vn 0.5339 0.0670 -0.8429
vn -0.0663 0.0484 -0.9966
vn -0.1572 0.1109 -0.9813
vn 0.5012 0.0768 -0.8619
vn -0.1330 0.1340 -0.9820
vn 0.5203 0.5109 -0.6843
vn 0.9614 0.0736 -0.2651
vn 0.7426 0.6457 -0.1775
vn 0.0812 0.7439 -0.6633
vn 0.7515 0.5402 0.3787
vn 0.8286 0.1366 0.5429
vn 0.3045 0.1913 0.9331
vn 0.6265 0.7191 0.3005
vn 0.0019 0.6911 0.7228
vn 0.1264 0.8564 0.5007
vn 0.5313 0.8325 -0.1572
vn 0.0914 0.9629 0.2540
vn 0.3465 0.8249 -0.4466
vn 0.0178 0.9913 0.1301
vn 0.2700 0.7807 -0.5636
vn 0.0082 0.7652 0.6437
vn 0.0031 0.8229 0.5682
vn 0.0231 0.6899 0.7236
vn 0.1160 0.4583 0.8812
vn 0.1862 -0.1571 0.9699
vn 0.2786 -0.0915 0.9560
vn 0.2416 -0.8890 0.3891
vn 0.4134 -0.3957 0.8201
vn -0.0166 0.5254 0.8507
vn 0.0759 0.0165 0.9970
vn 0.2276 -0.2708 0.9354
vn 0.5547 -0.0053 0.8320
vn 0.9625 -0.2554 0.0913
vn -0.0012 -0.7885 -0.6150
vn 0.8796 -0.1636 -0.4468
vn -0.0594 0.4931 0.8679
vn 0.0101 0.1807 0.9835
vn 0.0878 -0.1250 0.9883
vn -0.0093 0.2679 0.9634
vn 0.1795 0.1423 0.9734
vn 0.9170 0.3493 0.1924
vn 0.9767 -0.1996 0.0787
vn 0.9985 -0.0298 0.0457
vn 0.9419 -0.3252 0.0842
vn 0.7980 -0.5851 -0.1441
vn 0.7334 0.0451 0.6783
vn 0.7269 0.2964 0.6194
vn 0.7763 -0.2081 0.5950
vn 0.8210 -0.3574 0.4452
vn 0.9589 -0.1825 -0.2171
vn 0.5372 -0.7789 -0.3237
vn -0.7114 -0.5138 -0.4794
vn 0.2589 0.2488 0.9333
vn 0.2066 0.0842 0.9748
vn 0.4208 -0.1271 0.8982
vn 0.0335 0.0245 0.9991
vn 0.3671 -0.1437 0.9190
vn 0.9876 0.0241 -0.1549
vn 0.9666 -0.2225 -0.1275
vn 0.9465 -0.1781 -0.2690
vn 0.9222 -0.3429 -0.1791
vn 0.9161 -0.3218 -0.2393
vn 0.9412 -0.2189 0.2574
vn 0.9653 -0.1213 0.2314
vn 0.9314 -0.2304 0.2818
vn 0.8864 -0.2771 0.3709
vn 0.9159 0.1634 -0.3667
vn 0.7122 0.1416 -0.6875
vn -0.5286 0.7911 -0.3078
vn 0.7857 0.0011 0.6186
vn 0.5392 -0.2410 0.8070
vn 0.7332 -0.3565 0.5790
vn 0.0613 -0.2346 0.9702
vn 0.3543 -0.4172 0.8369
vn 0.9458 -0.0791 -0.3151
vn 0.7158 -0.6330 -0.2948
vn 0.8514 -0.3433 -0.3966
vn -0.0541 -0.9963 -0.0667
vn 0.6850 -0.6682 -0.2904
vn 0.8596 -0.4565 0.2295
vn 0.8891 -0.4421 0.1185
vn 0.6998 -0.6972 0.1552
vn 0.1725 -0.9849 0.0171
vn -0.5232 -0.8373 0.1585
vn -0.5937 -0.6919 0.4108
vn -0.6194 -0.0682 0.7821
vn -0.6640 -0.7475 0.0197
vn -0.2295 -0.8329 -0.5035
vn 0.6366 -0.2971 -0.7117
vn -0.0575 -0.9397 0.3371
vn 0.5396 -0.5377 0.6479
vn 0.4406 -0.5450 0.7134
vn 0.4106 -0.7237 0.5546
vn 0.1026 -0.5086 0.8549
vn -0.0302 -0.9102 -0.4130
vn 0.1300 -0.4168 -0.8997
vn -0.1193 -0.9228 0.3665
vn -0.1485 -0.8951 0.4203
vn -0.1660 -0.9381 -0.3040
vn -0.1205 -0.8706 0.4771
vn -0.2168 -0.9367 -0.2749
vn -0.0793 -0.5408 0.8374
vn -0.0491 -0.5449 0.8371
vn -0.0240 -0.2762 0.9608
vn -0.0354 -0.2701 0.9622
vn -0.0581 0.0648 0.9962
vn -0.0378 0.0398 0.9985
vn -0.0679 0.3036 0.9504
vn -0.1254 0.2998 0.9457
vn -0.0452 0.1259 0.9910
vn -0.1345 0.3607 0.9229
vn -0.0760 -0.9586 -0.2744
vn -0.2435 -0.6157 -0.7494
vn -0.1924 -0.4186 -0.8876
vn -0.2089 -0.3078 -0.9282
vn -0.1722 -0.3648 -0.9150
vn -0.0843 -0.1967 -0.9768
vn -0.0652 -0.3369 -0.9393
vn -0.1385 -0.5425 -0.8285
vn 0.1509 -0.1719 -0.9735
vn 0.1813 -0.3276 -0.9273
vn 0.4704 -0.2774 -0.8377
vn 0.4925 -0.2139 -0.8436
vn 0.8780 0.0429 0.4767
vn 0.5591 0.8238 0.0939
vn 0.5906 0.0265 -0.8065
vn 0.4504 0.0764 -0.8895
vn 0.5443 0.8137 -0.2042
vn 0.3523 0.8064 -0.4749
vn 0.4348 -0.5755 -0.6926
vn -0.5895 0.1359 0.7963
vn -0.2589 -0.7649 -0.5898
vn 0.1327 0.9862 0.0995
vn -0.4592 -0.0416 0.8873
vn -0.8120 0.2363 0.5337
vn 0.3801 0.2431 -0.8925
vn -0.4660 0.4623 0.7544
vn -0.7537 -0.2815 -0.5939
vn 0.4954 -0.6651 -0.5588
vn -0.3459 0.1284 0.9294
vn 0.2691 0.7818 -0.5625
vn -0.3980 -0.1103 0.9107
vn -0.3153 0.7168 0.6219
vn 0.8055 0.2955 -0.5137
vn -0.3799 0.7649 -0.5203
vn 0.4487 0.2386 0.8612
vn -0.5536 0.1333 0.8220
vn 0.7637 0.1471 -0.6285
vn 0.5719 0.7389 0.3563
vn 0.5419 0.8297 -0.1339
vn 0.5199 0.1017 -0.8482
vn 0.4152 -0.1945 -0.8887
vn 0.3829 0.0231 -0.9235
vn 0.1228 -0.2224 -0.9672
vn 0.1454 -0.2399 -0.9598
vn -0.1166 -0.2735 -0.9548
vn -0.1476 -0.0931 -0.9847
vn -0.2508 -0.2737 -0.9285
vn -0.6105 0.4814 -0.6289
vn -0.4276 0.6525 -0.6256
vn -0.4163 0.8994 0.1332
vn -0.3085 0.9433 0.1222
vn -0.1235 0.7390 0.6623
vn -0.1635 0.7099 0.6850
vn -0.3724 0.9141 0.1607
vn -0.7707 0.4264 0.4735
vn -0.8767 0.4776 0.0577
vn -0.9715 -0.2369 -0.0090
vn -0.5268 0.8335 -0.1666
vn -0.9934 -0.0752 -0.0866
vn -0.9982 -0.0367 0.0479
vn -0.9151 -0.3057 -0.2630
vn -0.9954 0.0946 -0.0124
vn -0.9223 -0.1040 -0.3722
vn -0.8454 0.3001 0.4418
vn -0.5714 0.3440 0.7451
vn -0.9246 0.0428 0.3785
vn -0.4572 0.4094 0.7896
vn -0.5360 0.4423 -0.7191
vn -0.3118 0.7540 -0.5782
vn -0.2720 0.7509 -0.6018
vn 0.0571 0.2004 -0.9780
vn 0.0229 0.1056 -0.9941
vn 0.3754 0.0540 -0.9253
vn 0.9219 0.0123 -0.3872
vn 0.7093 0.2940 0.6407
vn -0.0809 0.1295 -0.9883
vn -0.0136 0.0205 0.9997
vn -0.0179 -0.2392 0.9708
vn -0.0562 -0.5071 0.8601
vn -0.0452 0.3040 0.9516
vn -0.0261 0.6254 0.7798
vn -0.1116 0.4993 0.8592
vn -0.2842 0.6710 0.6848
vn -0.2067 0.6731 0.7101
vn -0.5389 0.8398 0.0658
vn 0.3304 0.4075 0.8513
vn 0.7435 0.3069 0.5941
vn -0.5036 0.6521 0.5667
vn -0.3508 0.7154 0.6043
vn -0.6979 0.7157 0.0280
vn -0.7306 0.4424 -0.5201
vn -0.2904 -0.2294 -0.9290
vn -0.1846 -0.3412 -0.9217
vn -0.5989 0.4282 -0.6767
vn -0.5537 0.8323 -0.0270
vn 0.4895 -0.2565 -0.8334
vn 0.2231 0.3150 -0.9225
vn 0.1549 0.8825 -0.4441
vn 0.5785 0.7096 -0.4022
vn 0.7275 0.2406 -0.6425
vn 0.6857 0.7095 0.1629
vn 0.9953 0.0963 -0.0080
vn 0.6530 -0.3215 -0.6857
vn 0.2735 -0.5001 -0.8217
vn 0.7990 -0.5696 -0.1926
vn 0.2545 -0.9136 -0.3171
vn 0.1704 -0.9241 -0.3422
vn 0.1619 -0.4694 -0.8680
vn 0.0908 0.3112 -0.9460
vn 0.0303 0.8704 -0.4914
vn -0.0040 0.9887 0.1501
vn 0.0955 0.9701 0.2229
vn 0.0956 0.9702 0.2229
vn 0.0986 0.4442 0.8905
vn 0.2536 0.0429 0.9664
vn 0.6856 0.7095 0.1628
vn 0.2816 -0.2533 0.9255
vn 0.9953 0.0964 -0.0081
vn 0.7990 -0.5696 -0.1925
vn 0.2698 -0.5046 0.8201
vn 0.2545 -0.9136 -0.3170
vn 0.1773 -0.8416 0.5101
vn 0.1707 -0.9249 -0.3398
vn -0.9289 0.1481 -0.3394
vn -0.5444 0.7999 -0.2526
vn -0.4309 0.5624 -0.7057
vn -0.5912 0.0711 -0.8034
vn 0.1682 0.6721 -0.7211
vn 0.1317 0.0175 -0.9911
vn -0.5826 -0.4218 -0.6947
vn -0.7256 -0.6050 -0.3278
vn -0.0088 -0.6360 -0.7717
vn 0.0590 0.9892 -0.1344
vn 0.0076 0.9992 -0.0386
vn -0.5980 0.7889 -0.1416
vn -0.9648 0.1434 -0.2202
vn -0.7785 -0.5894 -0.2156
vn -0.1947 -0.9728 -0.1254
vn 0.5833 0.8120 -0.0198
vn 0.9730 0.2184 -0.0749
vn 0.9894 -0.1168 -0.0858
vn 0.1682 0.6720 -0.7212
vn 0.8961 -0.4330 -0.0977
vn -0.1449 -0.9654 -0.2167
vn 0.3895 -0.9173 -0.0831
vn -0.1937 -0.9730 -0.1254
vn -0.4154 0.6650 0.6207
vn -0.3597 0.1984 0.9117
vn 0.1776 0.3334 0.9259
vn -0.0232 0.9020 0.4310
vn -0.7740 0.6151 0.1500
vn -0.8973 -0.0048 0.4413
vn -0.2112 -0.2948 0.9319
vn 0.2208 -0.5214 0.8242
vn 0.0081 -0.9438 0.3305
vn -0.5684 -0.6164 0.5449
vn 0.6453 -0.4866 0.5888
vn 0.7169 0.3121 0.6235
vn 0.4563 0.8440 0.2820
vn -0.3040 0.9336 -0.1896
vn 0.1135 -0.9895 0.0898
vn -0.4702 0.7484 -0.4678
vn -0.6694 0.0068 -0.7429
vn -0.6428 -0.3452 -0.6839
vn -0.5684 -0.6163 0.5450
vn -0.5389 -0.6510 -0.5346
vn 0.0346 -0.9329 0.3585
vn -0.0999 -0.9937 0.0509
vn -0.3327 0.9253 -0.1822
vn 0.2858 -0.9223 0.2600
vn -0.3263 0.9294 -0.1724
vn 0.2217 0.4255 0.8774
vn -0.3508 0.7525 0.5574
vn -0.2665 0.2766 0.9233
vn -0.0602 0.9241 0.3773
vn -0.4090 0.8925 -0.1900
vn -0.7903 0.5788 0.2009
vn -0.8496 -0.0480 0.5252
vn -0.0828 -0.2515 0.9643
vn 0.3474 -0.4620 0.8160
vn 0.0957 -0.9337 0.3452
vn -0.4706 -0.6298 0.6179
vn 0.2004 -0.9763 0.0816
vn 0.7492 -0.4072 0.5224
vn 0.7580 0.3969 0.5176
vn 0.4328 0.8807 0.1928
vn -0.4044 0.8953 -0.1869
vn -0.5745 0.6715 -0.4680
vn -0.7299 -0.0458 -0.6820
vn -0.4248 0.8818 -0.2047
vn -0.6858 -0.3893 -0.6149
vn -0.5561 -0.6973 -0.4523
vn -0.0142 -0.9938 0.1102
vn 0.1393 -0.9111 0.3879
vn 0.4255 -0.8620 0.2755
vn 0.0026 0.3580 -0.9337
vn -0.0365 0.3674 -0.9293
vn -0.1244 0.2859 -0.9501
vn -0.0112 0.2826 -0.9592
vn -0.0907 0.3002 -0.9496
vn -0.1372 0.2655 -0.9543
vn -0.0805 0.2940 -0.9524
vn -0.1374 0.3013 -0.9436
vn -0.1611 0.2772 -0.9472
vn -0.1415 0.2595 -0.9553
vn -0.2061 0.1726 -0.9632
vn -0.3663 0.1465 -0.9189
vn -0.5420 0.1985 -0.8166
vn -0.3688 0.3166 -0.8739
vn -0.1668 0.3372 -0.9265
vn -0.1389 0.3033 -0.9427
vn -0.9875 0.1023 -0.1198
vn -0.9752 0.1796 -0.1290
vn -0.9918 0.1276 -0.0108
vn -0.9701 0.2236 -0.0943
vn -0.9878 0.1558 -0.0044
vn -0.9849 0.1729 0.0057
vn -0.9920 0.1216 0.0331
vn -0.9846 0.1745 0.0065
vn -0.9818 0.1775 0.0683
vn -0.9282 0.1450 0.3426
vn -0.8488 0.1184 0.5153
vn -0.9083 0.0934 0.4077
vn -0.9822 0.0990 0.1596
vn -0.9937 0.1066 -0.0332
vn -0.9979 0.0642 -0.0044
vn -0.9979 0.0648 0.0020
vn 0.2044 0.4265 0.8811
vn 0.1874 0.3789 0.9062
vn 0.4815 0.3346 0.8101
vn 0.2286 0.3203 0.9193
vn 0.3550 0.4664 0.8102
vn 0.5049 0.3834 0.7734
vn 0.5330 0.3344 0.7772
vn 0.5090 0.3802 0.7722
vn 0.5513 0.3766 0.7444
vn 0.6977 0.3732 0.6116
vn 0.8327 0.3103 0.4586
vn 0.7382 0.3091 0.5996
vn 0.5066 0.3437 0.7907
vn 0.5179 0.2908 0.8045
vn 0.3801 0.2387 0.8936
vn 0.5169 0.2844 0.8074
vn 0.3082 0.4435 0.8416
vn 0.3058 0.3828 0.8718
vn 0.5301 0.3857 0.7551
vn 0.3201 0.3468 0.8816
vn 0.4026 0.4941 0.7705
vn 0.5501 0.4267 0.7179
vn 0.5774 0.3887 0.7180
vn 0.5545 0.4237 0.7163
vn 0.5951 0.4249 0.6822
vn 0.7660 0.4205 0.4863
vn 0.8345 0.3877 0.3915
vn 0.7449 0.3679 0.5566
vn 0.5818 0.3850 0.7164
vn 0.5633 0.3519 0.7476
vn 0.4339 0.3016 0.8490
vn 0.5610 0.3458 0.7521
vn 0.9751 -0.0292 -0.2200
vn 0.9518 -0.0267 -0.3055
vn 0.9562 -0.2033 -0.2106
vn 0.9879 -0.0641 -0.1415
vn 0.9757 -0.1533 -0.1566
vn 0.9619 -0.2234 -0.1578
vn 0.9598 -0.2295 -0.1614
vn 0.9419 -0.2724 -0.1967
vn 0.9057 -0.3618 -0.2207
vn 0.5515 -0.8163 -0.1716
vn 0.4070 -0.9131 -0.0249
vn 0.5989 -0.7993 0.0490
vn 0.8708 -0.4874 -0.0646
vn 0.9418 -0.2301 -0.2452
vn 0.9484 -0.1457 -0.2815
vn 0.9422 -0.2212 -0.2517
vn -0.4617 -0.1663 -0.8713
vn -0.1950 -0.3740 -0.9067
vn -0.5277 -0.3966 -0.7512
vn -0.5749 -0.1493 -0.8045
vn -0.3222 -0.5942 -0.7370
vn -0.4339 -0.6176 -0.6559
vn -0.4601 -0.6202 -0.6353
vn -0.5901 -0.1161 -0.7989
vn -0.5451 -0.4099 -0.7314
vn -0.4623 -0.6221 -0.6319
vn -0.4663 -0.6596 -0.5894
vn -0.5143 -0.5935 -0.6191
vn -0.6383 -0.3614 -0.6796
vn -0.6332 -0.1182 -0.7649
vn -0.6136 -0.0439 -0.7884
vn -0.5917 -0.1118 -0.7984
vn -0.5069 -0.5881 -0.6303
vn -0.5949 -0.3166 -0.7388
vn -0.4979 -0.3610 -0.7886
vn -0.4623 -0.6459 -0.6075
vn -0.4331 -0.5781 -0.6916
vn -0.5649 -0.0501 -0.8236
vn -0.5560 -0.0119 -0.8311
vn -0.5204 -0.0738 -0.8507
vn -0.4285 -0.5742 -0.6976
vn -0.4758 -0.3409 -0.8108
vn -0.3839 -0.5663 -0.7293
vn -0.3243 -0.5486 -0.7706
vn -0.1618 -0.3222 -0.9327
vn -0.3709 -0.1159 -0.9214
vn -0.5049 -0.1059 -0.8567
vn -0.5185 -0.0780 -0.8515
vn 0.9523 -0.1586 0.2607
vn 0.9186 -0.3905 0.0601
vn 0.9924 -0.1227 -0.0037
vn 0.9162 -0.4006 -0.0057
vn 0.9282 -0.3710 -0.0273
vn 0.9924 0.1167 0.0384
vn 0.9886 0.1374 -0.0620
vn 0.9903 0.1386 -0.0014
vn 0.9288 -0.3693 -0.0317
vn 0.9903 -0.1365 -0.0251
vn 0.9228 -0.3706 -0.1054
vn 0.9206 -0.3742 -0.1113
vn 0.9813 -0.1633 -0.1019
vn 0.9941 0.0952 -0.0515
vn 0.9889 0.1423 -0.0433
vn 0.9903 0.1388 0.0004
vn -0.0876 -0.1273 0.9880
vn -0.2430 -0.2698 0.9317
vn 0.1401 -0.2789 0.9501
vn 0.0658 -0.1053 0.9923
vn 0.1451 -0.1122 0.9830
vn -0.0406 -0.4178 0.9076
vn 0.1441 -0.4183 0.8968
vn 0.1727 -0.4408 0.8808
vn 0.1732 -0.4440 0.8791
vn 0.1651 -0.2930 0.9418
vn 0.1824 -0.4748 0.8610
vn 0.1956 -0.4712 0.8601
vn 0.1851 -0.3161 0.9305
vn 0.1504 -0.1057 0.9830
vn 0.1429 -0.0879 0.9858
vn 0.1486 -0.1119 0.9825
vn -0.9803 0.1840 -0.0711
vn -0.9623 -0.1859 0.1985
vn -0.9665 0.2198 0.1324
vn -0.9710 0.2213 -0.0905
vn -0.9660 0.2277 -0.1223
vn -0.8772 0.1757 0.4468
vn -0.8400 0.3128 0.4433
vn -0.9569 0.2623 0.1247
vn -0.9649 0.2297 -0.1271
vn -0.9368 0.2881 -0.1984
vn -0.9056 0.3867 -0.1741
vn -0.8803 0.4406 0.1760
vn -0.8173 0.3052 0.4888
vn -0.8031 0.2808 0.5255
vn -0.8254 0.2407 0.5108
vn -0.8403 0.2289 0.4914
vt 0.112149 0.531619
vt 0.135621 0.551861
vt 0.110292 0.552754
vt 0.136241 0.530732
vt 0.155707 0.529158
vt 0.156135 0.550664
vt 0.091766 0.532002
vt 0.089111 0.552711
vt 0.172733 0.529253
vt 0.174001 0.550337
vt 0.191748 0.550003
vt 0.193365 0.529786
vt 0.212763 0.549938
vt 0.213168 0.529891
vt 0.233816 0.530054
vt 0.233816 0.549314
vt 0.067336 0.553345
vt 0.075465 0.531289
vt 0.063182 0.532851
vt 0.053827 0.553568
vt 0.051806 0.532071
vt 0.038494 0.531503
vt 0.038158 0.552405
vt 0.025880 0.531320
vt 0.024280 0.550977
vt 0.006962 0.530577
vt 0.006962 0.550215
vt 0.233816 0.520965
vt 0.213160 0.521015
vt 0.193273 0.521247
vt 0.211897 0.514161
vt 0.194634 0.514161
vt 0.233816 0.514161
vt 0.172741 0.519998
vt 0.172637 0.514161
vt 0.154178 0.521138
vt 0.154077 0.514161
vt 0.136361 0.521101
vt 0.112602 0.521342
vt 0.093230 0.521780
vt 0.092913 0.514161
vt 0.112024 0.514161
vt 0.136161 0.514161
vt 0.078517 0.522548
vt 0.075727 0.514161
vt 0.071587 0.523371
vt 0.071278 0.528320
vt 0.062731 0.527728
vt 0.062818 0.522888
vt 0.051946 0.522133
vt 0.054820 0.514161
vt 0.064871 0.514161
vt 0.039312 0.521384
vt 0.039373 0.514161
vt 0.027055 0.514161
vt 0.026172 0.520910
vt 0.006962 0.520988
vt 0.006962 0.514161
vt 0.281412 0.212275
vt 0.281412 0.218514
vt 0.266226 0.218514
vt 0.266226 0.212275
vt 0.266226 0.206991
vt 0.281412 0.206991
vt 0.266226 0.201267
vt 0.281412 0.201267
vt 0.281412 0.195760
vt 0.266226 0.195760
vt 0.266226 0.189824
vt 0.281412 0.189824
vt 0.281412 0.183694
vt 0.266226 0.183694
vt 0.281412 0.177571
vt 0.266226 0.177571
vt 0.263386 0.183694
vt 0.263386 0.177571
vt 0.260371 0.183694
vt 0.260371 0.177571
vt 0.260371 0.189824
vt 0.263386 0.189824
vt 0.284761 0.177571
vt 0.284761 0.183694
vt 0.288052 0.177571
vt 0.288052 0.183694
vt 0.284761 0.189824
vt 0.288052 0.189824
vt 0.266226 0.171815
vt 0.281412 0.171815
vt 0.244617 0.189824
vt 0.244617 0.183694
vt 0.242164 0.189824
vt 0.242164 0.183694
vt 0.244617 0.177571
vt 0.242164 0.177571
vt 0.244617 0.195760
vt 0.242164 0.195760
vt 0.260371 0.195760
vt 0.242164 0.171815
vt 0.244617 0.171815
vt 0.260371 0.171815
vt 0.242164 0.201267
vt 0.244617 0.201267
vt 0.260371 0.201267
vt 0.244617 0.206991
vt 0.242164 0.206991
vt 0.260371 0.206991
vt 0.260371 0.212275
vt 0.244617 0.212275
vt 0.244617 0.218514
vt 0.260371 0.218514
vt 0.242164 0.218514
vt 0.242164 0.212275
vt 0.281412 0.157424
vt 0.266226 0.163662
vt 0.266226 0.157424
vt 0.281412 0.163662
vt 0.281412 0.152140
vt 0.266226 0.152140
vt 0.281412 0.146416
vt 0.266226 0.146416
vt 0.281412 0.140909
vt 0.266226 0.140909
vt 0.266226 0.134973
vt 0.281412 0.134973
vt 0.281412 0.128842
vt 0.266226 0.128842
vt 0.281412 0.122720
vt 0.266226 0.122720
vt 0.266226 0.116964
vt 0.281412 0.116964
vt 0.284761 0.122720
vt 0.284761 0.128842
vt 0.288052 0.122720
vt 0.288052 0.128842
vt 0.284761 0.134973
vt 0.288052 0.134973
vt 0.263386 0.128842
vt 0.263386 0.122720
vt 0.260371 0.128842
vt 0.260371 0.122720
vt 0.260371 0.134973
vt 0.263386 0.134973
vt 0.244136 0.122720
vt 0.244136 0.128842
vt 0.242164 0.128842
vt 0.242164 0.122720
vt 0.244136 0.134973
vt 0.242164 0.134973
vt 0.244136 0.116964
vt 0.260371 0.116964
vt 0.242164 0.116964
vt 0.242164 0.140909
vt 0.244136 0.140909
vt 0.260371 0.140909
vt 0.242164 0.146416
vt 0.244136 0.146416
vt 0.260371 0.146416
vt 0.242164 0.152140
vt 0.244136 0.152140
vt 0.242164 0.157424
vt 0.244136 0.157424
vt 0.242164 0.163662
vt 0.244136 0.163662
vt 0.260371 0.157424
vt 0.260371 0.163662
vt 0.260371 0.152140
vt 0.281412 0.102680
vt 0.266226 0.108919
vt 0.266226 0.102680
vt 0.281412 0.108919
vt 0.266226 0.097396
vt 0.281524 0.097396
vt 0.281412 0.091673
vt 0.266226 0.091673
vt 0.266226 0.086165
vt 0.281412 0.086165
vt 0.266226 0.080229
vt 0.281412 0.080229
vt 0.266226 0.074099
vt 0.281412 0.074099
vt 0.266226 0.067976
vt 0.281412 0.067976
vt 0.281412 0.062220
vt 0.266226 0.062220
vt 0.263386 0.074099
vt 0.263386 0.080229
vt 0.260371 0.074099
vt 0.260371 0.080229
vt 0.263386 0.067976
vt 0.260371 0.067976
vt 0.284761 0.080229
vt 0.284761 0.074099
vt 0.288052 0.080229
vt 0.288052 0.074099
vt 0.284761 0.067976
vt 0.288052 0.067976
vt 0.244335 0.080229
vt 0.244335 0.074099
vt 0.242164 0.080229
vt 0.242164 0.074099
vt 0.244335 0.067976
vt 0.242164 0.067976
vt 0.242164 0.086165
vt 0.244335 0.086165
vt 0.260371 0.086165
vt 0.242164 0.062220
vt 0.244335 0.062220
vt 0.260371 0.062220
vt 0.244335 0.091673
vt 0.242164 0.091673
vt 0.260371 0.091673
vt 0.242164 0.097396
vt 0.244335 0.097396
vt 0.260371 0.097396
vt 0.260371 0.102680
vt 0.244335 0.102680
vt 0.244335 0.108919
vt 0.260371 0.108919
vt 0.242164 0.108919
vt 0.242164 0.102680
vt 0.281412 0.047730
vt 0.266226 0.053969
vt 0.266226 0.047730
vt 0.281412 0.053969
vt 0.281412 0.042446
vt 0.266226 0.042446
vt 0.266226 0.036722
vt 0.281412 0.036722
vt 0.266226 0.031215
vt 0.281412 0.031215
vt 0.266226 0.025279
vt 0.281412 0.025279
vt 0.266226 0.019149
vt 0.281412 0.019149
vt 0.266226 0.013026
vt 0.281412 0.013026
vt 0.281412 0.007270
vt 0.266226 0.007270
vt 0.284761 0.025279
vt 0.284761 0.019149
vt 0.288052 0.025279
vt 0.288052 0.019149
vt 0.284761 0.013026
vt 0.288052 0.013026
vt 0.263386 0.019149
vt 0.263386 0.025279
vt 0.260371 0.019149
vt 0.260371 0.025279
vt 0.263386 0.013026
vt 0.260371 0.013026
vt 0.244520 0.013026
vt 0.244520 0.019149
vt 0.242164 0.013026
vt 0.242164 0.019149
vt 0.244520 0.025279
vt 0.242164 0.025279
vt 0.244520 0.007270
vt 0.260371 0.007270
vt 0.242164 0.007270
vt 0.242164 0.031215
vt 0.244520 0.031215
vt 0.260371 0.031215
vt 0.244520 0.036722
vt 0.242164 0.036722
vt 0.260371 0.036722
vt 0.244520 0.042446
vt 0.242164 0.042446
vt 0.244520 0.047730
vt 0.260371 0.047730
vt 0.260371 0.053969
vt 0.244520 0.053969
vt 0.242164 0.047730
vt 0.242164 0.053969
vt 0.260371 0.042446
vt 0.280835 0.256465
vt 0.280835 0.262189
vt 0.277486 0.262189
vt 0.277486 0.256465
vt 0.284126 0.256465
vt 0.284126 0.262189
vt 0.277486 0.267473
vt 0.280835 0.267473
vt 0.284126 0.267473
vt 0.284126 0.273712
vt 0.284126 0.250958
vt 0.277486 0.273712
vt 0.302779 0.258544
vt 0.300048 0.255662
vt 0.304380 0.253101
vt 0.306231 0.257645
vt 0.303535 0.262111
vt 0.308082 0.262189
vt 0.306472 0.266490
vt 0.302957 0.265524
vt 0.300315 0.268242
vt 0.304863 0.270790
vt 0.244716 0.267473
vt 0.244716 0.273712
vt 0.241984 0.267473
vt 0.244716 0.262189
vt 0.241984 0.262189
vt 0.244716 0.256465
vt 0.241984 0.256465
vt 0.244716 0.250958
vt 0.241984 0.250958
vt 0.241984 0.245022
vt 0.244716 0.245022
vt 0.244716 0.238892
vt 0.241984 0.238892
vt 0.241984 0.232769
vt 0.244716 0.232769
vt 0.244716 0.227013
vt 0.241984 0.227013
vt 0.241984 0.273712
vt 0.277486 0.250958
vt 0.277486 0.245022
vt 0.284126 0.245022
vt 0.277486 0.238892
vt 0.284126 0.238892
vt 0.284126 0.232769
vt 0.277486 0.232769
vt 0.284126 0.227013
vt 0.277486 0.227013
vt 0.300567 0.234527
vt 0.304821 0.228847
vt 0.304092 0.235161
vt 0.300567 0.238862
vt 0.304882 0.238826
vt 0.306803 0.233870
vt 0.308784 0.238892
vt 0.304070 0.242361
vt 0.300567 0.243050
vt 0.304772 0.248057
vt 0.306778 0.243474
vt 0.327269 0.867040
vt 0.340083 0.863532
vt 0.332294 0.875981
vt 0.325487 0.871382
vt 0.325076 0.881981
vt 0.320366 0.876927
vt 0.319257 0.886022
vt 0.314571 0.881787
vt 0.322095 0.890323
vt 0.329292 0.886753
vt 0.340308 0.883291
vt 0.328104 0.892708
vt 0.322101 0.896604
vt 0.327810 0.895559
vt 0.325636 0.902116
vt 0.329791 0.897645
vt 0.331710 0.890754
vt 0.332743 0.893994
vt 0.333695 0.897032
vt 0.334368 0.900705
vt 0.326713 0.907375
vt 0.318647 0.904523
vt 0.318832 0.906031
vt 0.334820 0.890380
vt 0.336648 0.892367
vt 0.336181 0.895672
vt 0.343999 0.889365
vt 0.339921 0.898967
vt 0.332675 0.908284
vt 0.328296 0.913016
vt 0.332902 0.911133
vt 0.335246 0.912872
vt 0.331866 0.918338
vt 0.337514 0.908758
vt 0.336180 0.905353
vt 0.338992 0.911581
vt 0.339774 0.916524
vt 0.334644 0.923387
vt 0.327500 0.924672
vt 0.326649 0.923426
vt 0.339484 0.904518
vt 0.341726 0.906399
vt 0.341248 0.909856
vt 0.347860 0.903145
vt 0.344823 0.912813
vt 0.339949 0.923019
vt 0.337407 0.927817
vt 0.340780 0.925750
vt 0.343401 0.927048
vt 0.341809 0.931931
vt 0.344789 0.922534
vt 0.342581 0.919808
vt 0.346848 0.925060
vt 0.349071 0.928987
vt 0.344725 0.935857
vt 0.338021 0.938277
vt 0.339096 0.939458
vt 0.345450 0.918454
vt 0.347879 0.919674
vt 0.348665 0.922883
vt 0.353354 0.915575
vt 0.353473 0.924435
vt 0.350965 0.934974
vt 0.348539 0.940954
vt 0.352092 0.937371
vt 0.353825 0.944463
vt 0.354688 0.938029
vt 0.355134 0.933872
vt 0.352886 0.931730
vt 0.357250 0.935668
vt 0.359978 0.938768
vt 0.363560 0.943893
vt 0.357094 0.949115
vt 0.359709 0.953442
vt 0.367806 0.949479
vt 0.371121 0.938255
vt 0.375765 0.945943
vt 0.366711 0.931716
vt 0.355333 0.930248
vt 0.357605 0.931030
vt 0.358615 0.933681
vt 0.361754 0.926799
vt 0.379930 0.930403
vt 0.387164 0.936344
vt 0.374786 0.925101
vt 0.383269 0.918540
vt 0.388233 0.922751
vt 0.396076 0.907915
vt 0.399691 0.912341
vt 0.379835 0.913074
vt 0.392394 0.903451
vt 0.387646 0.896088
vt 0.375066 0.903269
vt 0.383252 0.886767
vt 0.370144 0.892225
vt 0.365714 0.879999
vt 0.378433 0.873516
vt 0.389987 0.883751
vt 0.393894 0.892466
vt 0.385608 0.871927
vt 0.398187 0.899577
vt 0.404539 0.906809
vt 0.401232 0.903596
vt 0.405556 0.917074
vt 0.410194 0.911245
vt 0.415037 0.914420
vt 0.411483 0.920503
vt 0.423071 0.919630
vt 0.419698 0.926210
vt 0.403206 0.933890
vt 0.412430 0.938412
vt 0.395417 0.928162
vt 0.395558 0.945112
vt 0.404660 0.952271
vt 0.384259 0.957695
vt 0.390108 0.965197
vt 0.376504 0.965510
vt 0.383284 0.973760
vt 0.399712 0.976110
vt 0.394245 0.981912
vt 0.407318 0.984710
vt 0.400592 0.988868
vt 0.384549 0.987324
vt 0.378273 0.984459
vt 0.379798 0.990919
vt 0.378489 0.990131
vt 0.376738 0.980456
vt 0.372016 0.978176
vt 0.389527 0.988989
vt 0.368495 0.975078
vt 0.365884 0.980485
vt 0.364930 0.979314
vt 0.367532 0.970811
vt 0.394020 0.992690
vt 0.364303 0.967394
vt 0.362474 0.962464
vt 0.357900 0.966546
vt 0.357941 0.964945
vt 0.370323 0.955709
vt 0.362272 0.958390
vt 0.334085 0.807470
vt 0.324447 0.804392
vt 0.326574 0.800099
vt 0.338266 0.799843
vt 0.350179 0.799890
vt 0.346489 0.816523
vt 0.359100 0.813396
vt 0.363868 0.802029
vt 0.378879 0.808082
vt 0.370733 0.826667
vt 0.383673 0.826399
vt 0.379440 0.836424
vt 0.367897 0.835691
vt 0.364770 0.847948
vt 0.355822 0.846586
vt 0.353405 0.857926
vt 0.345980 0.855264
vt 0.348976 0.845298
vt 0.343804 0.849928
vt 0.345949 0.844472
vt 0.342852 0.844197
vt 0.345754 0.839248
vt 0.343253 0.838804
vt 0.340171 0.843911
vt 0.340525 0.839322
vt 0.335081 0.843711
vt 0.337411 0.836110
vt 0.339132 0.849221
vt 0.335081 0.851793
vt 0.341655 0.850222
vt 0.340457 0.853798
vt 0.343292 0.835228
vt 0.348756 0.835316
vt 0.356738 0.835152
vt 0.348404 0.828320
vt 0.358016 0.826894
vt 0.335230 0.820830
vt 0.330953 0.812485
vt 0.322634 0.811403
vt 0.337100 0.829044
vt 0.359174 0.897708
vt 0.364424 0.909179
vt 0.370831 0.919635
vt 0.353728 0.884980
vt 0.351439 0.871980
vt 0.364261 0.872394
vt 0.377060 0.861790
vt 0.363459 0.860804
vt 0.376691 0.849005
vt 0.332160 0.857332
vt 0.325358 0.860396
vt 0.380688 0.861592
vt 0.384315 0.861394
vt 0.380721 0.849383
vt 0.384093 0.836774
vt 0.392363 0.828514
vt 0.391188 0.815974
vt 0.397662 0.820116
vt 0.388747 0.837124
vt 0.384751 0.849761
vt 0.400606 0.964809
vt 0.299057 0.206906
vt 0.299057 0.202599
vt 0.302778 0.203346
vt 0.303535 0.206913
vt 0.306231 0.202447
vt 0.308082 0.206991
vt 0.302957 0.210326
vt 0.299057 0.210979
vt 0.306472 0.211292
vt 0.304863 0.215592
vt 0.288052 0.218514
vt 0.288052 0.212275
vt 0.288052 0.206991
vt 0.288052 0.201267
vt 0.288052 0.195760
vt 0.304380 0.197903
vt 0.304772 0.192859
vt 0.301059 0.190034
vt 0.304070 0.187163
vt 0.306778 0.188277
vt 0.304882 0.183628
vt 0.308784 0.183694
vt 0.306803 0.178671
vt 0.304092 0.179962
vt 0.304821 0.173649
vt 0.301092 0.176971
vt 0.288052 0.171815
vt 0.299200 0.152055
vt 0.299200 0.147384
vt 0.302778 0.148495
vt 0.303535 0.152063
vt 0.306231 0.147596
vt 0.308082 0.152140
vt 0.302621 0.155475
vt 0.299200 0.156127
vt 0.306472 0.156440
vt 0.304380 0.143052
vt 0.288052 0.140909
vt 0.288052 0.146416
vt 0.288052 0.152140
vt 0.288052 0.157424
vt 0.288052 0.163662
vt 0.301059 0.135183
vt 0.304070 0.132311
vt 0.304882 0.128776
vt 0.306778 0.133425
vt 0.308784 0.128842
vt 0.306803 0.123820
vt 0.304092 0.125111
vt 0.304821 0.118798
vt 0.301092 0.122120
vt 0.304772 0.138008
vt 0.288052 0.116964
vt 0.302778 0.093751
vt 0.303535 0.097319
vt 0.299211 0.097311
vt 0.299211 0.093005
vt 0.306231 0.092852
vt 0.308082 0.097396
vt 0.302957 0.100731
vt 0.299211 0.101745
vt 0.304863 0.105997
vt 0.306472 0.101696
vt 0.288052 0.102680
vt 0.288052 0.097396
vt 0.288052 0.091673
vt 0.288052 0.086165
vt 0.288052 0.108919
vt 0.301059 0.080439
vt 0.304070 0.077568
vt 0.304882 0.074033
vt 0.306778 0.078681
vt 0.308784 0.074099
vt 0.306803 0.069077
vt 0.304092 0.070368
vt 0.304821 0.064054
vt 0.301092 0.067377
vt 0.304772 0.083264
vt 0.288052 0.062220
vt 0.304380 0.088308
vt 0.299211 0.042361
vt 0.302778 0.038801
vt 0.303535 0.042369
vt 0.299211 0.038054
vt 0.304380 0.033358
vt 0.306231 0.037902
vt 0.308082 0.042446
vt 0.302957 0.045781
vt 0.299211 0.046795
vt 0.304863 0.051047
vt 0.306472 0.046746
vt 0.288052 0.053969
vt 0.288052 0.047730
vt 0.288052 0.042446
vt 0.288052 0.036722
vt 0.288052 0.031215
vt 0.301059 0.025489
vt 0.304070 0.022618
vt 0.304772 0.028314
vt 0.306778 0.023731
vt 0.304882 0.019083
vt 0.308784 0.019149
vt 0.306803 0.014127
vt 0.304092 0.015417
vt 0.301092 0.012426
vt 0.304821 0.009104
vt 0.288052 0.007270
vt 0.339186 0.156902
vt 0.338223 0.160516
vt 0.334380 0.156902
vt 0.337337 0.153262
vt 0.335453 0.163201
vt 0.331889 0.164430
vt 0.334022 0.150761
vt 0.330585 0.149520
vt 0.319081 0.156902
vt 0.323239 0.164430
vt 0.319310 0.163752
vt 0.317935 0.160516
vt 0.317706 0.156902
vt 0.317935 0.153262
vt 0.319310 0.149717
vt 0.322880 0.149520
vt 0.337337 0.113688
vt 0.339186 0.117328
vt 0.334380 0.117328
vt 0.338223 0.120942
vt 0.335453 0.123627
vt 0.331889 0.124856
vt 0.319081 0.117328
vt 0.323239 0.124856
vt 0.319310 0.124178
vt 0.317935 0.120942
vt 0.317706 0.117328
vt 0.317935 0.113688
vt 0.319310 0.110143
vt 0.334022 0.111187
vt 0.330585 0.109946
vt 0.322880 0.109946
vt 0.337337 0.072544
vt 0.339186 0.076184
vt 0.334380 0.076184
vt 0.338223 0.079798
vt 0.334022 0.070043
vt 0.330585 0.068802
vt 0.319081 0.076184
vt 0.322880 0.068802
vt 0.319310 0.068999
vt 0.317935 0.072544
vt 0.317706 0.076184
vt 0.317935 0.079798
vt 0.319310 0.083033
vt 0.323239 0.083712
vt 0.335453 0.082483
vt 0.331889 0.083712
vt 0.337337 0.032185
vt 0.339186 0.035825
vt 0.334380 0.035825
vt 0.338223 0.039439
vt 0.334022 0.029684
vt 0.330585 0.028443
vt 0.319081 0.035825
vt 0.322880 0.028443
vt 0.319310 0.028640
vt 0.317935 0.032185
vt 0.317706 0.035825
vt 0.317935 0.039439
vt 0.319310 0.042674
vt 0.323239 0.043353
vt 0.335453 0.042124
vt 0.331889 0.043353
vt 0.339186 0.197418
vt 0.338223 0.201032
vt 0.334380 0.197418
vt 0.337337 0.193778
vt 0.334022 0.191277
vt 0.330585 0.190036
vt 0.322880 0.190036
vt 0.319081 0.197418
vt 0.319310 0.190233
vt 0.317935 0.193778
vt 0.317706 0.197418
vt 0.317935 0.201032
vt 0.319310 0.204268
vt 0.323239 0.204946
vt 0.335453 0.203717
vt 0.331889 0.204946
vt 0.304863 0.160740
vt 0.317654 0.020557
vt 0.316481 0.016339
vt 0.318970 0.016345
vt 0.320347 0.023733
vt 0.317229 0.012154
vt 0.319736 0.009028
vt 0.323843 0.007985
vt 0.324157 0.024792
vt 0.332778 0.016345
vt 0.332957 0.007985
vt 0.336356 0.009027
vt 0.338135 0.012154
vt 0.338511 0.016339
vt 0.337700 0.020557
vt 0.335675 0.023733
vt 0.332410 0.024792
vt 0.338135 0.052423
vt 0.338511 0.056608
vt 0.332613 0.056614
vt 0.336356 0.049296
vt 0.332957 0.048254
vt 0.337700 0.060826
vt 0.335675 0.064002
vt 0.332410 0.065060
vt 0.323843 0.048254
vt 0.318970 0.056614
vt 0.319736 0.049296
vt 0.317229 0.052423
vt 0.316481 0.056608
vt 0.317654 0.060826
vt 0.320347 0.064002
vt 0.324157 0.065060
vt 0.316481 0.096876
vt 0.317229 0.092691
vt 0.318970 0.096882
vt 0.319736 0.089565
vt 0.323843 0.088522
vt 0.317654 0.101094
vt 0.320347 0.104270
vt 0.324157 0.105329
vt 0.332957 0.088522
vt 0.332283 0.096882
vt 0.336356 0.089565
vt 0.338135 0.092691
vt 0.338511 0.096876
vt 0.337700 0.101094
vt 0.335675 0.104270
vt 0.332410 0.105328
vt 0.317654 0.141595
vt 0.316481 0.137377
vt 0.318970 0.137383
vt 0.320347 0.144771
vt 0.324157 0.145829
vt 0.317229 0.133192
vt 0.319736 0.130066
vt 0.323843 0.129023
vt 0.332957 0.129023
vt 0.332778 0.137383
vt 0.336356 0.130066
vt 0.338135 0.133192
vt 0.338511 0.137377
vt 0.337700 0.141595
vt 0.335675 0.144771
vt 0.332410 0.145829
vt 0.317654 0.182795
vt 0.316481 0.178577
vt 0.318970 0.178583
vt 0.320347 0.185971
vt 0.324157 0.187029
vt 0.317229 0.174392
vt 0.319736 0.171265
vt 0.332570 0.178568
vt 0.332410 0.187029
vt 0.335675 0.185971
vt 0.337700 0.182795
vt 0.338511 0.178577
vt 0.338135 0.174392
vt 0.336356 0.171265
vt 0.332957 0.170223
vt 0.323843 0.170223
s 1
usemtl F00_001_01_Body_00_SKIN.001
f 14/1/1 2/2/2 3/3/3
f 14/1/1 15/4/4 2/2/2
f 2/2/2 15/4/4 16/5/5
f 1/6/6 2/2/2 16/5/5
f 17/7/7 14/1/1 3/3/3
f 3/3/3 4/8/8 17/7/7
f 1/6/6 16/5/5 18/9/9
f 18/9/9 5/10/10 1/6/6
f 6/11/11 5/10/10 18/9/9
f 18/9/9 19/12/12 6/11/11
f 7/13/13 6/11/11 19/12/12
f 19/12/12 20/14/14 7/13/13
f 20/14/14 21/15/15 7/13/13
f 7/13/13 21/15/15 8/16/16
f 17/7/7 4/8/8 9/17/17
f 9/17/17 22/18/18 17/7/7
f 23/19/19 22/18/18 9/17/17
f 23/19/19 9/17/17 10/20/20
f 10/20/20 24/21/21 23/19/19
f 25/22/22 24/21/21 10/20/20
f 10/20/20 11/23/23 25/22/22
f 25/22/22 11/23/23 26/24/24
f 26/24/24 11/23/23 12/25/25
f 27/26/26 26/24/24 12/25/25
f 12/25/25 13/27/27 27/26/26
f 30/14/14 29/28/28 28/15/29
f 31/29/30 29/28/28 30/14/14
f 32/12/31 31/29/30 30/14/14
f 33/30/32 31/29/30 32/12/31
f 34/31/33 31/29/30 33/30/32
f 33/30/32 35/32/34 34/31/33
f 36/33/35 29/28/28 31/29/30
f 31/29/30 34/31/33 36/33/35
f 37/34/36 33/30/32 32/12/31
f 32/12/31 38/9/9 37/34/36
f 37/34/36 39/35/37 33/30/32
f 39/35/37 35/32/34 33/30/32
f 39/35/37 37/34/36 40/36/38
f 40/36/38 41/37/39 39/35/37
f 41/37/39 40/36/38 42/38/40
f 43/4/41 42/38/40 40/36/38
f 44/39/42 42/38/40 43/4/41
f 43/4/41 45/1/43 44/39/42
f 46/40/44 44/39/42 45/1/43
f 47/7/45 46/40/44 45/1/43
f 46/40/44 48/41/46 44/39/42
f 48/41/46 49/42/47 44/39/42
f 44/39/42 49/42/47 42/38/40
f 49/42/47 50/43/48 42/38/40
f 42/38/40 50/43/48 41/37/39
f 48/41/46 46/40/44 51/44/49
f 51/44/49 46/40/44 47/7/45
f 51/44/49 52/45/50 48/41/46
f 40/36/38 53/5/5 43/4/41
f 38/9/9 53/5/5 37/34/36
f 53/5/5 40/36/38 37/34/36
f 47/7/45 54/18/18 51/44/49
f 51/44/49 55/46/51 52/45/50
f 56/47/52 55/46/51 51/44/49
f 51/44/49 54/18/18 56/47/52
f 55/46/51 56/47/52 57/48/53
f 57/48/53 58/49/54 55/46/51
f 52/45/50 55/46/51 58/49/54
f 59/50/55 58/49/54 57/48/53
f 58/49/54 59/50/55 60/51/56
f 60/51/56 61/52/57 58/49/54
f 61/52/57 52/45/50 58/49/54
f 59/50/55 57/48/53 62/21/21
f 57/48/53 63/19/19 62/21/21
f 56/47/52 54/18/18 63/19/19
f 63/19/19 57/48/53 56/47/52
f 64/53/58 59/50/55 62/21/21
f 62/21/21 65/22/22 64/53/58
f 66/54/59 60/51/56 59/50/55
f 59/50/55 64/53/58 66/54/59
f 67/55/60 66/54/59 64/53/58
f 64/53/58 68/56/61 67/55/60
f 68/56/61 64/53/58 65/22/22
f 68/56/61 65/22/22 69/24/24
f 70/57/28 68/56/61 69/24/24
f 67/55/60 68/56/61 70/57/28
f 69/24/24 71/26/15 70/57/28
f 70/57/28 72/58/35 67/55/60
f 75/59/62 74/60/63 73/61/64
f 73/61/64 76/62/65 75/59/62
f 75/59/62 76/62/65 77/63/66
f 77/63/66 78/64/67 75/59/62
f 77/63/66 79/65/68 78/64/67
f 80/66/69 78/64/67 79/65/68
f 81/67/70 80/66/69 79/65/68
f 79/65/68 82/68/71 81/67/70
f 81/67/70 82/68/71 83/69/72
f 83/69/72 84/70/73 81/67/70
f 85/71/74 84/70/73 83/69/72
f 83/69/72 86/72/75 85/71/74
f 87/73/76 85/71/74 86/72/75
f 87/73/76 86/72/75 88/74/77
f 88/74/77 86/72/75 89/75/78
f 89/75/78 90/76/79 88/74/77
f 90/76/79 89/75/78 91/77/80
f 91/77/80 92/78/81 90/76/79
f 93/79/82 91/77/80 89/75/78
f 89/75/78 94/80/83 93/79/82
f 86/72/75 83/69/72 94/80/83
f 94/80/83 89/75/78 86/72/75
f 83/69/72 82/68/71 94/80/83
f 85/71/74 87/73/76 95/81/84
f 95/81/84 96/82/85 85/71/74
f 84/70/73 85/71/74 96/82/85
f 96/82/85 95/81/84 97/83/86
f 97/83/86 98/84/87 96/82/85
f 96/82/85 99/85/88 84/70/73
f 99/85/88 96/82/85 98/84/87
f 98/84/87 100/86/89 99/85/88
f 87/73/76 88/74/77 101/87/90
f 90/76/79 101/87/90 88/74/77
f 101/87/90 102/88/91 87/73/76
f 87/73/76 102/88/91 95/81/84
f 91/77/80 93/79/82 103/89/92
f 103/89/92 104/90/93 91/77/80
f 92/78/81 91/77/80 104/90/93
f 104/90/93 103/89/92 105/91/94
f 105/91/94 106/92/95 104/90/93
f 104/90/93 107/93/96 92/78/81
f 107/93/96 104/90/93 106/92/95
f 106/92/95 108/94/97 107/93/96
f 105/91/94 103/89/92 109/95/98
f 109/95/98 110/96/99 105/91/94
f 111/97/100 109/95/98 103/89/92
f 103/89/92 93/79/82 111/97/100
f 112/98/101 107/93/96 108/94/97
f 112/98/101 113/99/102 107/93/96
f 92/78/81 107/93/96 113/99/102
f 113/99/102 114/100/103 92/78/81
f 115/101/104 110/96/99 109/95/98
f 109/95/98 116/102/105 115/101/104
f 116/102/105 109/95/98 111/97/100
f 111/97/100 117/103/106 116/102/105
f 118/104/107 115/101/104 116/102/105
f 115/101/104 118/104/107 119/105/108
f 118/104/107 116/102/105 120/106/109
f 117/103/106 120/106/109 116/102/105
f 118/104/107 120/106/109 121/107/110
f 121/107/110 122/108/111 118/104/107
f 119/105/108 118/104/107 122/108/111
f 123/109/112 122/108/111 121/107/110
f 121/107/110 124/110/113 123/109/112
f 122/108/111 123/109/112 125/111/114
f 125/111/114 126/112/115 122/108/111
f 122/108/111 126/112/115 119/105/108
f 120/106/109 117/103/106 79/65/68
f 79/65/68 77/63/66 120/106/109
f 76/62/65 121/107/110 120/106/109
f 120/106/109 77/63/66 76/62/65
f 124/110/113 121/107/110 76/62/65
f 82/68/71 79/65/68 117/103/106
f 117/103/106 111/97/100 82/68/71
f 76/62/65 73/61/64 124/110/113
f 82/68/71 111/97/100 94/80/83
f 93/79/82 94/80/83 111/97/100
f 129/113/116 128/114/117 127/115/118
f 128/114/117 129/113/116 130/116/119
f 131/117/120 129/113/116 127/115/118
f 131/117/120 127/115/118 132/118/121
f 133/119/122 131/117/120 132/118/121
f 133/119/122 132/118/121 134/120/123
f 135/121/124 133/119/122 134/120/123
f 134/120/123 136/122/125 135/121/124
f 135/121/124 136/122/125 137/123/126
f 137/123/126 138/124/127 135/121/124
f 139/125/128 138/124/127 137/123/126
f 137/123/126 140/126/129 139/125/128
f 141/127/130 139/125/128 140/126/129
f 140/126/129 142/128/131 141/127/130
f 141/127/130 142/128/131 143/129/132
f 143/129/132 144/130/133 141/127/130
f 139/125/128 141/127/130 145/131/134
f 141/127/130 144/130/133 145/131/134
f 145/131/134 146/132/135 139/125/128
f 138/124/127 139/125/128 146/132/135
f 146/132/135 145/131/134 147/133/136
f 147/133/136 148/134/137 146/132/135
f 146/132/135 149/135/138 138/124/127
f 149/135/138 146/132/135 148/134/137
f 138/124/127 149/135/138 135/121/124
f 148/134/137 150/136/139 149/135/138
f 142/128/131 140/126/129 151/137/140
f 151/137/140 152/138/141 142/128/131
f 152/138/141 143/129/132 142/128/131
f 152/138/141 151/137/140 153/139/142
f 153/139/142 154/140/143 152/138/141
f 155/141/144 153/139/142 151/137/140
f 151/137/140 156/142/145 155/141/144
f 156/142/145 151/137/140 140/126/129
f 140/126/129 137/123/126 156/142/145
f 157/143/146 154/140/143 153/139/142
f 153/139/142 158/144/147 157/143/146
f 157/143/146 158/144/147 159/145/148
f 159/145/148 160/146/149 157/143/146
f 161/147/150 159/145/148 158/144/147
f 153/139/142 155/141/144 161/147/150
f 161/147/150 158/144/147 153/139/142
f 159/145/148 161/147/150 162/148/151
f 154/140/143 157/143/146 163/149/152
f 163/149/152 164/150/153 154/140/143
f 154/140/143 164/150/153 152/138/141
f 157/143/146 160/146/149 165/151/154
f 165/151/154 163/149/152 157/143/146
f 166/152/155 162/148/151 161/147/150
f 161/147/150 167/153/156 166/152/155
f 168/154/157 167/153/156 161/147/150
f 161/147/150 155/141/144 168/154/157
f 155/141/144 156/142/145 168/154/157
f 169/155/158 166/152/155 167/153/156
f 167/153/156 170/156/159 169/155/158
f 170/156/159 167/153/156 168/154/157
f 168/154/157 171/157/160 170/156/159
f 172/158/161 169/155/158 170/156/159
f 170/156/159 173/159/162 172/158/161
f 173/159/162 170/156/159 171/157/160
f 174/160/163 172/158/161 173/159/162
f 173/159/162 175/161/164 174/160/163
f 176/162/165 174/160/163 175/161/164
f 175/161/164 177/163/166 176/162/165
f 177/163/166 175/161/164 178/164/167
f 178/164/167 179/165/168 177/163/166
f 175/161/164 173/159/162 180/166/169
f 180/166/169 178/164/167 175/161/164
f 171/157/160 180/166/169 173/159/162
f 180/166/169 171/157/160 134/120/123
f 134/120/123 132/118/121 180/166/169
f 178/164/167 180/166/169 132/118/121
f 132/118/121 127/115/118 178/164/167
f 179/165/168 178/164/167 127/115/118
f 136/122/125 134/120/123 171/157/160
f 171/157/160 168/154/157 136/122/125
f 127/115/118 128/114/117 179/165/168
f 136/122/125 168/154/157 156/142/145
f 137/123/126 136/122/125 156/142/145
f 183/167/170 182/168/171 181/169/172
f 182/168/171 183/167/170 184/170/173
f 183/167/170 181/169/172 185/171/174
f 185/171/174 186/172/175 183/167/170
f 187/173/176 186/172/175 185/171/174
f 185/171/174 188/174/177 187/173/176
f 187/173/176 188/174/177 189/175/178
f 189/175/178 190/176/179 187/173/176
f 190/176/179 189/175/178 191/177/180
f 191/177/180 192/178/181 190/176/179
f 192/178/181 191/177/180 193/179/182
f 193/179/182 194/180/183 192/178/181
f 194/180/183 193/179/182 195/181/184
f 195/181/184 196/182/185 194/180/183
f 197/183/186 196/182/185 195/181/184
f 195/181/184 198/184/187 197/183/186
f 199/185/188 193/179/182 191/177/180
f 191/177/180 200/186/189 199/185/188
f 191/177/180 189/175/178 200/186/189
f 201/187/190 199/185/188 200/186/189
f 200/186/189 202/188/191 201/187/190
f 193/179/182 199/185/188 203/189/192
f 203/189/192 195/181/184 193/179/182
f 203/189/192 198/184/187 195/181/184
f 199/185/188 201/187/190 204/190/193
f 204/190/193 203/189/192 199/185/188
f 205/191/194 192/178/181 194/180/183
f 192/178/181 205/191/194 190/176/179
f 194/180/183 206/192/195 205/191/194
f 206/192/195 194/180/183 196/182/185
f 207/193/196 205/191/194 206/192/195
f 206/192/195 208/194/197 207/193/196
f 208/194/197 206/192/195 209/195/198
f 196/182/185 209/195/198 206/192/195
f 196/182/185 197/183/186 209/195/198
f 209/195/198 210/196/199 208/194/197
f 201/187/190 202/188/191 211/197/200
f 211/197/200 212/198/201 201/187/190
f 212/198/201 211/197/200 213/199/202
f 213/199/202 214/200/203 212/198/201
f 201/187/190 212/198/201 215/201/204
f 215/201/204 204/190/193 201/187/190
f 212/198/201 214/200/203 216/202/205
f 216/202/205 215/201/204 212/198/201
f 217/203/206 213/199/202 211/197/200
f 211/197/200 218/204/207 217/203/206
f 218/204/207 211/197/200 202/188/191
f 202/188/191 219/205/208 218/204/207
f 215/201/204 216/202/205 220/206/209
f 220/206/209 221/207/210 215/201/204
f 204/190/193 215/201/204 221/207/210
f 221/207/210 222/208/211 204/190/193
f 217/203/206 218/204/207 223/209/212
f 223/209/212 224/210/213 217/203/206
f 225/211/214 223/209/212 218/204/207
f 218/204/207 219/205/208 225/211/214
f 226/212/215 224/210/213 223/209/212
f 223/209/212 227/213/216 226/212/215
f 227/213/216 223/209/212 225/211/214
f 225/211/214 228/214/217 227/213/216
f 228/214/217 229/215/218 227/213/216
f 229/215/218 230/216/219 227/213/216
f 230/216/219 226/212/215 227/213/216
f 231/217/220 230/216/219 229/215/218
f 229/215/218 232/218/221 231/217/220
f 230/216/219 231/217/220 233/219/222
f 233/219/222 234/220/223 230/216/219
f 230/216/219 234/220/223 226/212/215
f 228/214/217 225/211/214 188/174/177
f 188/174/177 185/171/174 228/214/217
f 181/169/172 228/214/217 185/171/174
f 181/169/172 229/215/218 228/214/217
f 232/218/221 229/215/218 181/169/172
f 189/175/178 188/174/177 225/211/214
f 225/211/214 219/205/208 189/175/178
f 181/169/172 182/168/171 232/218/221
f 189/175/178 219/205/208 200/186/189
f 202/188/191 200/186/189 219/205/208
f 237/221/224 236/222/225 235/223/226
f 236/222/225 237/221/224 238/224/227
f 239/225/228 237/221/224 235/223/226
f 235/223/226 240/226/229 239/225/228
f 240/226/229 241/227/230 239/225/228
f 241/227/230 242/228/231 239/225/228
f 241/227/230 243/229/232 242/228/231
f 243/229/232 244/230/233 242/228/231
f 244/230/233 243/229/232 245/231/234
f 245/231/234 246/232/235 244/230/233
f 245/231/234 247/233/236 246/232/235
f 247/233/236 248/234/237 246/232/235
f 248/234/237 247/233/236 249/235/238
f 249/235/238 250/236/239 248/234/237
f 251/237/240 250/236/239 249/235/238
f 249/235/238 252/238/241 251/237/240
f 248/234/237 253/239/242 246/232/235
f 246/232/235 253/239/242 244/230/233
f 248/234/237 254/240/243 253/239/242
f 254/240/243 255/241/244 253/239/242
f 254/240/243 256/242/245 255/241/244
f 256/242/245 254/240/243 257/243/246
f 257/243/246 254/240/243 248/234/237
f 248/234/237 250/236/239 257/243/246
f 250/236/239 251/237/240 257/243/246
f 257/243/246 258/244/247 256/242/245
f 259/245/248 247/233/236 245/231/234
f 249/235/238 247/233/236 259/245/248
f 245/231/234 260/246/249 259/245/248
f 261/247/250 259/245/248 260/246/249
f 261/247/250 260/246/249 262/248/251
f 259/245/248 263/249/252 249/235/238
f 263/249/252 259/245/248 261/247/250
f 263/249/252 252/238/241 249/235/238
f 261/247/250 264/250/253 263/249/252
f 265/251/254 264/250/253 261/247/250
f 261/247/250 266/252/255 265/251/254
f 266/252/255 261/247/250 262/248/251
f 267/253/256 265/251/254 266/252/255
f 266/252/255 268/254/257 267/253/256
f 268/254/257 266/252/255 269/255/258
f 269/255/258 266/252/255 262/248/251
f 268/254/257 269/255/258 270/256/259
f 264/250/253 265/251/254 271/257/260
f 271/257/260 272/258/261 264/250/253
f 264/250/253 272/258/261 263/249/252
f 265/251/254 267/253/256 273/259/262
f 273/259/262 271/257/260 265/251/254
f 274/260/263 270/256/259 269/255/258
f 269/255/258 275/261/264 274/260/263
f 275/261/264 269/255/258 262/248/251
f 262/248/251 276/262/265 275/261/264
f 274/260/263 275/261/264 277/263/266
f 274/260/263 277/263/266 278/264/267
f 279/265/268 277/263/266 275/261/264
f 275/261/264 276/262/265 279/265/268
f 278/264/267 277/263/266 280/266/269
f 280/266/269 281/267/270 278/264/267
f 282/268/271 281/267/270 280/266/269
f 283/269/272 282/268/271 280/266/269
f 282/268/271 283/269/272 284/270/273
f 284/270/273 285/271/274 282/268/271
f 286/272/275 282/268/271 285/271/274
f 282/268/271 286/272/275 281/267/270
f 285/271/274 287/273/262 286/272/275
f 288/274/276 283/269/272 280/266/269
f 280/266/269 277/263/266 288/274/276
f 277/263/266 279/265/268 288/274/276
f 283/269/272 288/274/276 240/226/229
f 240/226/229 235/223/226 283/269/272
f 284/270/273 283/269/272 235/223/226
f 241/227/230 240/226/229 288/274/276
f 288/274/276 279/265/268 241/227/230
f 243/229/232 241/227/230 279/265/268
f 279/265/268 276/262/265 243/229/232
f 235/223/226 236/222/225 284/270/273
f 243/229/232 276/262/265 260/246/249
f 245/231/234 243/229/232 260/246/249
f 262/248/251 260/246/249 276/262/265
f 291/275/277 290/276/278 289/277/279
f 289/277/279 292/278/280 291/275/277
f 290/276/278 291/275/277 293/279/281
f 293/279/281 294/280/282 290/276/278
f 295/281/283 289/277/279 290/276/278
f 290/276/278 296/282/284 295/281/283
f 296/282/284 290/276/278 294/280/282
f 294/280/282 297/283/285 296/282/284
f 297/283/285 298/284/286 296/282/284
f 293/279/281 291/275/277 299/285/287
f 298/284/286 300/286/288 296/282/284
f 295/281/283 296/282/284 300/286/288
f 294/280/282 293/279/281 301/287/289
f 301/287/289 293/279/281 302/288/290
f 301/287/289 302/288/290 303/289/291
f 293/279/281 299/285/287 303/289/291
f 303/289/291 302/288/290 293/279/281
f 304/290/292 301/287/289 303/289/291
f 305/291/293 301/287/289 304/290/292
f 301/287/289 305/291/293 294/280/282
f 297/283/285 294/280/282 305/291/293
f 304/290/292 306/292/294 305/291/293
f 305/291/293 306/292/294 307/293/295
f 308/294/296 305/291/293 307/293/295
f 305/291/293 308/294/296 297/283/285
f 309/295/297 308/294/296 307/293/295
f 309/295/297 297/283/285 308/294/296
f 307/293/295 310/296/298 309/295/297
f 310/296/298 298/284/286 297/283/285
f 297/283/285 309/295/297 310/296/298
f 311/297/299 295/281/283 300/286/288
f 300/286/288 312/298/300 311/297/299
f 311/297/299 312/298/300 313/299/301
f 314/300/302 311/297/299 313/299/301
f 313/299/301 315/301/303 314/300/302
f 316/302/304 314/300/302 315/301/303
f 315/301/303 317/303/305 316/302/304
f 316/302/304 317/303/305 318/304/306
f 319/305/307 318/304/306 317/303/305
f 318/304/306 319/305/307 320/306/308
f 318/304/306 320/306/308 321/307/309
f 322/308/310 321/307/309 320/306/308
f 320/306/308 323/309/311 322/308/310
f 322/308/310 323/309/311 324/310/312
f 324/310/312 325/311/313 322/308/310
f 326/312/314 325/311/313 324/310/312
f 324/310/312 327/313/315 326/312/314
f 328/314/316 313/299/301 312/298/300
f 316/302/304 318/304/306 329/315/317
f 329/315/317 318/304/306 321/307/309
f 329/315/317 292/278/280 316/302/304
f 292/278/280 329/315/317 291/275/277
f 299/285/287 291/275/277 329/315/317
f 299/285/287 329/315/317 330/316/318
f 330/316/318 329/315/317 321/307/309
f 330/316/318 321/307/309 322/308/310
f 331/317/319 299/285/287 330/316/318
f 331/317/319 330/316/318 332/318/320
f 332/318/320 330/316/318 322/308/310
f 333/319/321 331/317/319 332/318/320
f 334/320/322 333/319/321 332/318/320
f 332/318/320 335/321/323 334/320/322
f 336/322/324 334/320/322 335/321/323
f 335/321/323 337/323/325 336/322/324
f 337/323/325 325/311/313 326/312/314
f 325/311/313 337/323/325 335/321/323
f 334/320/322 336/322/324 338/324/326
f 333/319/321 334/320/322 338/324/326
f 336/322/324 339/325/327 338/324/326
f 339/325/327 340/326/328 338/324/326
f 338/324/326 340/326/328 341/327/329
f 338/324/326 341/327/329 333/319/321
f 342/328/330 341/327/329 340/326/328
f 339/325/327 343/329/331 340/326/328
f 342/328/330 340/326/328 343/329/331
f 343/329/331 344/330/294 342/328/330
f 342/328/330 345/331/332 341/327/329
f 345/331/332 342/328/330 344/330/294
f 345/331/332 346/332/333 341/327/329
f 341/327/329 346/332/333 333/319/321
f 331/317/319 333/319/321 346/332/333
f 345/331/332 347/333/334 346/332/333
f 345/331/332 348/334/292 347/333/334
f 344/330/294 348/334/292 345/331/332
f 346/332/333 347/333/334 299/285/287
f 299/285/287 331/317/319 346/332/333
f 335/321/323 332/318/320 322/308/310
f 322/308/310 325/311/313 335/321/323
f 351/335/335 350/336/336 349/337/337
f 349/337/337 352/338/338 351/335/335
f 352/338/338 349/337/337 353/339/339
f 354/340/340 352/338/338 353/339/339
f 354/340/340 353/339/339 355/341/341
f 354/340/340 355/341/341 356/342/342
f 353/339/339 357/343/343 355/341/341
f 358/344/344 357/343/343 353/339/339
f 358/344/344 353/339/339 349/337/337
f 349/337/337 359/345/345 358/344/344
f 359/345/345 349/337/337 350/336/336
f 358/344/344 360/346/346 357/343/343
f 361/347/347 357/343/343 360/346/346
f 360/346/346 362/348/348 361/347/347
f 363/349/349 361/347/347 362/348/348
f 362/348/348 364/350/350 363/349/349
f 362/348/348 360/346/346 365/351/351
f 365/351/351 360/346/346 358/344/344
f 362/348/348 365/351/351 366/352/352
f 364/350/350 362/348/348 366/352/352
f 366/352/352 367/353/353 364/350/350
f 368/354/354 364/350/350 367/353/353
f 363/349/349 364/350/350 368/354/354
f 369/355/355 363/349/349 368/354/354
f 370/356/356 363/349/349 369/355/355
f 369/355/355 371/357/357 370/356/356
f 366/352/352 365/351/351 372/358/358
f 359/345/345 372/358/358 358/344/344
f 372/358/358 365/351/351 358/344/344
f 372/358/358 373/359/359 366/352/352
f 374/360/360 367/353/353 366/352/352
f 366/352/352 373/359/359 374/360/360
f 368/354/354 367/353/353 374/360/360
f 375/361/361 373/359/359 372/358/358
f 374/360/360 373/359/359 375/361/361
f 372/358/358 359/345/345 375/361/361
f 375/361/361 376/362/362 374/360/360
f 376/362/362 368/354/354 374/360/360
f 368/354/354 377/363/363 369/355/355
f 378/364/364 369/355/355 377/363/363
f 377/363/363 379/365/365 378/364/364
f 378/364/364 379/365/365 380/366/366
f 380/366/366 381/367/367 378/364/364
f 382/368/368 379/365/365 377/363/363
f 380/366/366 379/365/365 382/368/368
f 377/363/363 383/369/369 382/368/368
f 382/368/368 384/370/370 380/366/366
f 380/366/366 385/371/371 381/367/367
f 385/371/371 380/366/366 384/370/370
f 381/367/367 385/371/371 386/372/372
f 387/373/373 381/367/367 386/372/372
f 381/367/367 387/373/373 388/374/374
f 383/369/369 377/363/363 368/354/354
f 382/368/368 383/369/369 389/375/375
f 368/354/354 376/362/362 389/375/375
f 389/375/375 383/369/369 368/354/354
f 389/375/375 390/376/376 382/368/368
f 391/377/377 384/370/370 382/368/368
f 382/368/368 390/376/376 391/377/377
f 392/378/378 390/376/376 389/375/375
f 391/377/377 390/376/376 392/378/378
f 389/375/375 376/362/362 392/378/378
f 392/378/378 393/379/379 391/377/377
f 384/370/370 391/377/377 393/379/379
f 393/379/379 385/371/371 384/370/370
f 385/371/371 394/380/380 386/372/372
f 395/381/381 386/372/372 394/380/380
f 394/380/380 396/382/382 395/381/381
f 395/381/381 396/382/382 397/383/383
f 397/383/383 398/384/384 395/381/381
f 399/385/385 396/382/382 394/380/380
f 397/383/383 396/382/382 399/385/385
f 394/380/380 400/386/386 399/385/385
f 399/385/385 401/387/387 397/383/383
f 402/388/388 397/383/383 401/387/387
f 398/384/384 397/383/383 402/388/388
f 398/384/384 402/388/388 403/389/389
f 398/384/384 403/389/389 404/390/390
f 405/391/391 404/390/390 403/389/389
f 400/386/386 394/380/380 385/371/371
f 400/386/386 385/371/371 393/379/379
f 399/385/385 400/386/386 406/392/392
f 393/379/379 406/392/392 400/386/386
f 406/392/392 407/393/393 399/385/385
f 401/387/387 399/385/385 407/393/393
f 407/393/393 408/394/394 401/387/387
f 409/395/395 407/393/393 406/392/392
f 408/394/394 407/393/393 409/395/395
f 406/392/392 393/379/379 409/395/395
f 409/395/395 410/396/396 408/394/394
f 401/387/387 408/394/394 410/396/396
f 410/396/396 402/388/388 401/387/387
f 402/388/388 411/397/397 403/389/389
f 412/398/398 403/389/389 411/397/397
f 411/397/397 413/399/399 412/398/398
f 414/400/400 412/398/398 413/399/399
f 413/399/399 415/401/401 414/400/400
f 416/402/402 413/399/399 411/397/397
f 415/401/401 413/399/399 416/402/402
f 411/397/397 417/403/403 416/402/402
f 416/402/402 418/404/404 415/401/401
f 419/405/405 415/401/401 418/404/404
f 414/400/400 415/401/401 419/405/405
f 414/400/400 419/405/405 420/406/406
f 420/406/406 421/407/407 414/400/400
f 421/407/407 420/406/406 422/408/408
f 422/408/408 420/406/406 423/409/409
f 423/409/409 420/406/406 424/410/410
f 420/406/406 419/405/405 424/410/410
f 423/409/409 424/410/410 425/411/411
f 426/412/412 424/410/410 419/405/405
f 417/403/403 411/397/397 402/388/388
f 416/402/402 417/403/403 427/413/413
f 427/413/413 417/403/403 402/388/388
f 427/413/413 428/414/414 416/402/402
f 416/402/402 428/414/414 429/415/415
f 429/415/415 418/404/404 416/402/402
f 429/415/415 428/414/414 426/412/412
f 426/412/412 419/405/405 429/415/415
f 419/405/405 418/404/404 429/415/415
f 402/388/388 410/396/396 427/413/413
f 430/416/416 428/414/414 427/413/413
f 427/413/413 410/396/396 430/416/416
f 430/416/416 426/412/412 428/414/414
f 430/416/416 410/396/396 409/395/395
f 425/411/411 424/410/410 431/417/417
f 431/417/417 424/410/410 426/412/412
f 431/417/417 432/418/418 425/411/411
f 426/412/412 433/419/419 431/417/417
f 433/419/419 426/412/412 430/416/416
f 431/417/417 433/419/419 434/420/420
f 434/420/420 435/421/421 431/417/417
f 432/418/418 431/417/417 435/421/421
f 435/421/421 434/420/420 436/422/422
f 436/422/422 437/423/423 435/421/421
f 436/422/422 434/420/420 438/424/424
f 438/424/424 439/425/425 436/422/422
f 439/425/425 438/424/424 440/426/426
f 440/426/426 438/424/424 441/427/427
f 442/428/428 440/426/426 441/427/427
f 441/427/427 443/429/429 442/428/428
f 442/428/428 443/429/429 444/430/430
f 444/430/430 445/431/431 442/428/428
f 440/426/426 442/428/428 446/432/432
f 446/432/432 447/433/46 440/426/426
f 446/432/432 442/428/428 448/434/433
f 442/428/428 445/431/431 448/434/433
f 440/426/426 447/433/46 449/435/50
f 449/435/50 439/425/425 440/426/426
f 437/423/423 436/422/422 450/436/434
f 451/437/57 450/436/434 436/422/422
f 439/425/425 449/435/50 451/437/57
f 451/437/57 436/422/422 439/425/425
f 452/438/435 437/423/423 450/436/434
f 450/436/434 453/439/59 452/438/435
f 452/438/435 453/439/59 454/440/436
f 452/438/435 454/440/436 455/441/437
f 455/441/437 454/440/436 456/442/35
f 455/441/437 456/442/35 457/443/438
f 458/444/439 455/441/437 457/443/438
f 459/445/440 458/444/439 457/443/438
f 458/444/439 460/446/441 455/441/437
f 460/446/441 452/438/435 455/441/437
f 437/423/423 452/438/435 460/446/441
f 460/446/441 435/421/421 437/423/423
f 461/447/442 458/444/439 459/445/440
f 460/446/441 458/444/439 461/447/442
f 459/445/440 462/448/443 461/447/442
f 463/449/444 461/447/442 462/448/443
f 462/448/443 464/450/445 463/449/444
f 465/451/446 463/449/444 464/450/445
f 465/451/446 464/450/445 466/452/447
f 466/452/447 464/450/445 467/453/448
f 467/453/448 468/454/449 466/452/447
f 468/454/449 467/453/448 469/455/450
f 470/456/451 468/454/449 469/455/450
f 468/454/449 471/457/452 466/452/447
f 471/457/452 472/458/453 466/452/447
f 471/457/452 473/459/454 472/458/453
f 473/459/454 474/460/455 472/458/453
f 466/452/447 472/458/453 475/461/456
f 466/452/447 475/461/456 476/462/457
f 465/451/446 466/452/447 476/462/457
f 477/463/458 471/457/452 468/454/449
f 477/463/458 468/454/449 470/456/451
f 476/462/457 478/464/459 465/451/446
f 479/465/460 478/464/459 476/462/457
f 480/466/461 478/464/459 479/465/460
f 481/467/462 465/451/446 478/464/459
f 470/456/451 482/468/463 477/463/458
f 465/451/446 481/467/462 483/469/464
f 465/451/446 483/469/464 484/470/465
f 484/470/465 483/469/464 485/471/466
f 485/471/466 486/472/467 484/470/465
f 484/470/465 487/473/468 465/451/446
f 488/474/469 487/473/468 484/470/465
f 463/449/444 465/451/446 487/473/468
f 487/473/468 425/411/411 463/449/444
f 487/473/468 423/409/409 425/411/411
f 423/409/409 487/473/468 488/474/469
f 425/411/411 461/447/442 463/449/444
f 425/411/411 432/418/418 461/447/442
f 461/447/442 432/418/418 460/446/441
f 435/421/421 460/446/441 432/418/418
f 488/474/469 422/408/408 423/409/409
f 491/475/470 490/476/471 489/477/472
f 489/477/472 492/478/473 491/475/470
f 491/475/470 492/478/473 493/479/474
f 494/480/475 491/475/470 493/479/474
f 495/481/476 494/480/475 493/479/474
f 493/479/474 496/482/477 495/481/476
f 495/481/476 496/482/477 497/483/478
f 495/481/476 497/483/478 498/484/479
f 497/483/478 499/485/480 498/484/479
f 500/486/481 498/484/479 499/485/480
f 501/487/482 498/484/479 500/486/481
f 502/488/483 501/487/482 500/486/481
f 501/487/482 502/488/483 503/489/484
f 504/490/485 503/489/484 502/488/483
f 503/489/484 504/490/485 505/491/486
f 505/491/486 506/492/487 503/489/484
f 506/492/487 505/491/486 507/493/488
f 507/493/488 508/494/489 506/492/487
f 509/495/490 508/494/489 507/493/488
f 510/496/491 508/494/489 509/495/490
f 506/492/487 508/494/489 510/496/491
f 509/495/490 511/497/492 510/496/491
f 509/495/490 512/498/493 511/497/492
f 513/499/494 511/497/492 512/498/493
f 513/499/494 512/498/493 514/500/495
f 514/500/495 515/501/496 513/499/494
f 514/500/495 512/498/493 516/502/497
f 516/502/497 512/498/493 509/495/490
f 516/502/497 517/503/498 514/500/495
f 509/495/490 518/504/499 516/502/497
f 507/493/488 518/504/499 509/495/490
f 518/504/499 519/505/500 516/502/497
f 517/503/498 516/502/497 519/505/500
f 507/493/488 519/505/500 518/504/499
f 505/491/486 519/505/500 507/493/488
f 520/506/501 513/499/494 515/501/496
f 511/497/492 513/499/494 520/506/501
f 510/496/491 511/497/492 520/506/501
f 520/506/501 521/507/502 510/496/491
f 510/496/491 521/507/502 506/492/487
f 522/508/503 506/492/487 521/507/502
f 522/508/503 521/507/502 523/509/504
f 521/507/502 520/506/501 523/509/504
f 523/509/504 524/510/505 522/508/503
f 522/508/503 524/510/505 501/487/482
f 503/489/484 522/508/503 501/487/482
f 503/489/484 506/492/487 522/508/503
f 498/484/479 501/487/482 524/510/505
f 498/484/479 524/510/505 495/481/476
f 524/510/505 523/509/504 494/480/475
f 494/480/475 495/481/476 524/510/505
f 525/511/506 494/480/475 523/509/504
f 494/480/475 525/511/506 526/512/507
f 526/512/507 491/475/470 494/480/475
f 491/475/470 526/512/507 490/476/471
f 527/513/508 490/476/471 526/512/507
f 523/509/504 528/514/509 525/511/506
f 523/509/504 520/506/501 528/514/509
f 515/501/496 528/514/509 520/506/501
f 392/378/378 409/395/395 393/379/379
f 409/395/395 392/378/378 529/515/510
f 529/515/510 530/516/511 409/395/395
f 430/416/416 409/395/395 530/516/511
f 530/516/511 531/517/512 430/416/416
f 430/416/416 531/517/512 433/419/419
f 434/420/420 433/419/419 531/517/512
f 531/517/512 438/424/424 434/420/420
f 531/517/512 530/516/511 441/427/427
f 441/427/427 438/424/424 531/517/512
f 530/516/511 529/515/510 443/429/429
f 443/429/429 441/427/427 530/516/511
f 529/515/510 392/378/378 375/361/361
f 376/362/362 375/361/361 392/378/378
f 375/361/361 532/518/513 529/515/510
f 529/515/510 532/518/513 443/429/429
f 443/429/429 532/518/513 444/430/430
f 533/519/514 444/430/430 532/518/513
f 533/519/514 534/520/515 444/430/430
f 445/431/431 444/430/430 534/520/515
f 534/520/515 535/521/516 445/431/431
f 536/522/517 535/521/516 534/520/515
f 536/522/517 534/520/515 533/519/514
f 535/521/516 536/522/517 502/488/483
f 502/488/483 537/523/518 535/521/516
f 502/488/483 536/522/517 504/490/485
f 533/519/514 504/490/485 536/522/517
f 505/491/486 504/490/485 533/519/514
f 533/519/514 350/336/336 505/491/486
f 350/336/336 533/519/514 359/345/345
f 532/518/513 359/345/345 533/519/514
f 532/518/513 375/361/361 359/345/345
f 500/486/481 537/523/518 502/488/483
f 505/491/486 350/336/336 519/505/500
f 350/336/336 538/524/519 519/505/500
f 538/524/519 350/336/336 351/335/335
f 351/335/335 539/525/520 538/524/519
f 517/503/498 519/505/500 538/524/519
f 535/521/516 540/526/521 445/431/431
f 540/526/521 535/521/516 537/523/518
f 445/431/431 540/526/521 448/434/433
f 448/434/433 540/526/521 541/527/522
f 542/528/523 537/523/518 500/486/481
f 541/527/522 540/526/521 542/528/523
f 537/523/518 542/528/523 540/526/521
f 500/486/481 543/529/524 542/528/523
f 499/485/480 543/529/524 500/486/481
f 544/530/525 543/529/524 499/485/480
f 499/485/480 545/531/526 544/530/525
f 545/531/526 546/532/35 544/530/525
f 497/483/478 545/531/526 499/485/480
f 547/533/527 543/529/524 544/530/525
f 543/529/524 547/533/527 548/534/528
f 548/534/528 542/528/523 543/529/524
f 542/528/523 548/534/528 541/527/522
f 467/453/448 464/450/445 549/535/529
f 464/450/445 462/448/443 549/535/529
f 552/536/530 551/537/531 550/538/532
f 550/538/532 553/539/533 552/536/530
f 554/540/534 553/539/533 550/538/532
f 554/540/534 555/541/535 553/539/533
f 553/539/533 556/542/536 552/536/530
f 556/542/536 557/543/537 552/536/530
f 555/541/535 558/544/538 553/539/533
f 558/544/538 556/542/536 553/539/533
f 559/545/539 556/542/536 558/544/538
f 557/543/537 556/542/536 559/545/539
f 560/546/540 557/543/537 559/545/539
f 557/543/537 560/546/540 561/547/541
f 552/536/530 557/543/537 561/547/541
f 561/547/541 560/546/540 74/60/63
f 74/60/63 75/59/62 561/547/541
f 561/547/541 75/59/62 78/64/67
f 78/64/67 562/548/542 561/547/541
f 561/547/541 562/548/542 552/536/530
f 563/549/543 562/548/542 78/64/67
f 552/536/530 562/548/542 563/549/543
f 563/549/543 551/537/531 552/536/530
f 78/64/67 80/66/69 563/549/543
f 564/550/544 563/549/543 80/66/69
f 80/66/69 81/67/70 564/550/544
f 564/550/544 81/67/70 99/85/88
f 100/86/89 564/550/544 99/85/88
f 84/70/73 99/85/88 81/67/70
f 563/549/543 564/550/544 565/551/545
f 565/551/545 551/537/531 563/549/543
f 550/538/532 551/537/531 565/551/545
f 554/540/534 550/538/532 565/551/545
f 566/552/546 564/550/544 100/86/89
f 100/86/89 567/553/547 566/552/546
f 566/552/546 567/553/547 568/554/548
f 566/552/546 568/554/548 569/555/549
f 569/555/549 568/554/548 570/556/550
f 570/556/550 568/554/548 567/553/547
f 569/555/549 570/556/550 571/557/551
f 572/558/552 571/557/551 570/556/550
f 570/556/550 573/559/553 572/558/552
f 574/560/554 572/558/552 573/559/553
f 573/559/553 575/561/555 574/560/554
f 575/561/555 573/559/553 570/556/550
f 100/86/89 98/84/87 567/553/547
f 567/553/547 98/84/87 570/556/550
f 570/556/550 98/84/87 575/561/555
f 97/83/86 575/561/555 98/84/87
f 97/83/86 576/562/556 575/561/555
f 574/560/554 575/561/555 576/562/556
f 95/81/84 576/562/556 97/83/86
f 576/562/556 95/81/84 102/88/91
f 579/563/557 578/564/558 577/565/559
f 577/565/559 580/566/560 579/563/557
f 580/566/560 577/565/559 581/567/561
f 581/567/561 582/568/562 580/566/560
f 580/566/560 583/569/563 579/563/557
f 583/569/563 584/570/564 579/563/557
f 582/568/562 585/571/565 580/566/560
f 585/571/565 583/569/563 580/566/560
f 581/567/561 577/565/559 586/572/566
f 577/565/559 578/564/558 586/572/566
f 587/573/567 586/572/566 578/564/558
f 578/564/558 588/574/568 587/573/567
f 588/574/568 578/564/558 579/563/557
f 587/573/567 588/574/568 133/119/122
f 131/117/120 133/119/122 588/574/568
f 588/574/568 589/575/569 131/117/120
f 579/563/557 589/575/569 588/574/568
f 589/575/569 590/576/570 131/117/120
f 579/563/557 584/570/564 590/576/570
f 590/576/570 589/575/569 579/563/557
f 590/576/570 129/113/116 131/117/120
f 133/119/122 135/121/124 587/573/567
f 130/116/119 129/113/116 590/576/570
f 590/576/570 591/577/571 130/116/119
f 584/570/564 591/577/571 590/576/570
f 587/573/567 135/121/124 149/135/138
f 150/136/139 587/573/567 149/135/138
f 587/573/567 150/136/139 592/578/572
f 592/578/572 150/136/139 593/579/573
f 594/580/574 593/579/573 150/136/139
f 594/580/574 595/581/575 593/579/573
f 596/582/562 595/581/575 594/580/574
f 597/583/565 596/582/562 594/580/574
f 594/580/574 598/584/576 597/583/565
f 598/584/576 599/585/577 597/583/565
f 598/584/576 600/586/578 599/585/577
f 150/136/139 148/134/137 594/580/574
f 598/584/576 594/580/574 148/134/137
f 598/584/576 147/133/136 600/586/578
f 598/584/576 148/134/137 147/133/136
f 593/579/573 595/581/575 601/587/566
f 601/587/566 592/578/572 593/579/573
f 587/573/567 592/578/572 601/587/566
f 147/133/136 602/588/579 600/586/578
f 599/585/577 600/586/578 602/588/579
f 145/131/134 602/588/579 147/133/136
f 602/588/579 145/131/134 144/130/133
f 605/589/580 604/590/581 603/591/582
f 603/591/582 606/592/583 605/589/580
f 604/590/581 605/589/580 607/593/584
f 607/593/584 608/594/585 604/590/581
f 604/590/581 609/595/586 603/591/582
f 609/595/586 610/596/587 603/591/582
f 609/595/586 611/597/588 610/596/587
f 611/597/588 609/595/586 612/598/589
f 608/594/585 612/598/589 604/590/581
f 609/595/586 604/590/581 612/598/589
f 603/591/582 610/596/587 613/599/590
f 613/599/590 614/600/591 603/591/582
f 613/599/590 186/172/175 614/600/591
f 613/599/590 183/167/170 186/172/175
f 615/601/592 614/600/591 186/172/175
f 603/591/582 614/600/591 615/601/592
f 615/601/592 606/592/583 603/591/582
f 186/172/175 187/173/176 615/601/592
f 616/602/593 615/601/592 187/173/176
f 615/601/592 616/602/593 606/592/583
f 187/173/176 190/176/179 616/602/593
f 184/170/173 183/167/170 613/599/590
f 613/599/590 617/603/594 184/170/173
f 610/596/587 611/597/588 617/603/594
f 610/596/587 617/603/594 613/599/590
f 616/602/593 190/176/179 205/191/194
f 207/193/196 616/602/593 205/191/194
f 618/604/595 616/602/593 207/193/196
f 618/604/595 207/193/196 619/605/596
f 207/193/196 208/194/197 619/605/596
f 620/606/597 619/605/596 208/194/197
f 620/606/597 621/607/584 619/605/596
f 622/608/585 621/607/584 620/606/597
f 623/609/598 622/608/585 620/606/597
f 620/606/597 624/610/599 623/609/598
f 624/610/599 620/606/597 208/194/197
f 623/609/598 624/610/599 625/611/600
f 625/611/600 624/610/599 626/612/601
f 624/610/599 210/196/199 626/612/601
f 624/610/599 208/194/197 210/196/199
f 619/605/596 621/607/584 627/613/602
f 627/613/602 618/604/595 619/605/596
f 616/602/593 618/604/595 627/613/602
f 626/612/601 210/196/199 628/614/603
f 628/614/603 625/611/600 626/612/601
f 209/195/198 628/614/603 210/196/199
f 628/614/603 209/195/198 197/183/186
f 616/602/593 629/615/604 606/592/583
f 629/615/604 605/589/580 606/592/583
f 629/615/604 607/593/584 605/589/580
f 632/616/605 631/617/606 630/618/607
f 633/619/608 631/617/606 632/616/605
f 634/620/609 631/617/606 633/619/608
f 634/620/609 635/621/610 631/617/606
f 630/618/607 631/617/606 635/621/610
f 636/622/611 630/618/607 635/621/610
f 630/618/607 637/623/612 632/616/605
f 637/623/612 638/624/613 632/616/605
f 637/623/612 639/625/614 638/624/613
f 639/625/614 637/623/612 640/626/615
f 640/626/615 630/618/607 636/622/611
f 637/623/612 630/618/607 640/626/615
f 641/627/616 638/624/613 639/625/614
f 638/624/613 641/627/616 642/628/617
f 632/616/605 638/624/613 642/628/617
f 642/628/617 641/627/616 238/224/227
f 238/224/227 237/221/224 642/628/617
f 643/629/618 642/628/617 237/221/224
f 642/628/617 643/629/618 632/616/605
f 237/221/224 239/225/228 643/629/618
f 644/630/619 643/629/618 239/225/228
f 644/630/619 633/619/608 632/616/605
f 632/616/605 643/629/618 644/630/619
f 239/225/228 242/228/231 644/630/619
f 242/228/231 244/230/233 644/630/619
f 244/230/233 645/631/620 644/630/619
f 645/631/620 244/230/233 253/239/242
f 255/241/244 645/631/620 253/239/242
f 644/630/619 645/631/620 633/619/608
f 645/631/620 634/620/609 633/619/608
f 645/631/620 255/241/244 646/632/621
f 646/632/621 255/241/244 647/633/622
f 648/634/623 646/632/621 647/633/622
f 646/632/621 648/634/623 645/631/620
f 648/634/623 647/633/622 649/635/610
f 650/636/624 649/635/610 647/633/622
f 651/637/611 649/635/610 650/636/624
f 652/638/615 651/637/611 650/636/624
f 653/639/625 652/638/615 650/636/624
f 652/638/615 653/639/625 654/640/626
f 654/640/626 655/641/627 652/638/615
f 653/639/625 258/244/247 654/640/626
f 258/244/247 653/639/625 650/636/624
f 650/636/624 256/242/245 258/244/247
f 255/241/244 256/242/245 647/633/622
f 650/636/624 647/633/622 256/242/245
f 654/640/626 258/244/247 656/642/628
f 656/642/628 655/641/627 654/640/626
f 257/243/246 656/642/628 258/244/247
f 656/642/628 257/243/246 251/237/240
f 252/238/241 263/249/252 272/258/261
f 204/190/193 222/208/211 203/189/192
f 198/184/187 203/189/192 222/208/211
f 143/129/132 152/138/141 164/150/153
f 101/87/90 90/76/79 114/100/103
f 92/78/81 114/100/103 90/76/79
f 659/643/629 658/644/630 657/645/631
f 660/646/632 659/643/629 657/645/631
f 658/644/630 661/647/633 657/645/631
f 662/648/634 657/645/631 661/647/633
f 663/649/635 660/646/632 657/645/631
f 663/649/635 657/645/631 664/650/636
f 665/651/637 657/645/631 662/648/634
f 662/648/634 666/652/638 665/651/637
f 667/653/639 665/651/637 666/652/638
f 668/654/640 665/651/637 667/653/639
f 669/655/641 665/651/637 668/654/640
f 670/656/642 665/651/637 669/655/641
f 671/657/643 665/651/637 670/656/642
f 672/658/644 665/651/637 671/657/643
f 657/645/631 665/651/637 672/658/644
f 672/658/644 664/650/636 657/645/631
f 675/659/645 674/660/646 673/661/647
f 674/660/646 676/662/648 673/661/647
f 676/662/648 677/663/649 673/661/647
f 678/664/650 673/661/647 677/663/649
f 679/665/651 673/661/647 678/664/650
f 678/664/650 680/666/652 679/665/651
f 681/667/653 679/665/651 680/666/652
f 682/668/654 679/665/651 681/667/653
f 683/669/655 679/665/651 682/668/654
f 684/670/656 679/665/651 683/669/655
f 685/671/657 679/665/651 684/670/656
f 686/672/658 675/659/645 673/661/647
f 686/672/658 673/661/647 687/673/659
f 688/674/660 679/665/651 685/671/657
f 688/674/660 687/673/659 673/661/647
f 673/661/647 679/665/651 688/674/660
f 691/675/661 690/676/662 689/677/663
f 690/676/662 692/678/664 689/677/663
f 693/679/665 691/675/661 689/677/663
f 693/679/665 689/677/663 694/680/666
f 694/680/666 689/677/663 695/681/667
f 695/681/667 696/682/668 694/680/666
f 696/682/668 695/681/667 697/683/669
f 697/683/669 695/681/667 698/684/670
f 698/684/670 695/681/667 699/685/671
f 699/685/671 695/681/667 700/686/672
f 700/686/672 695/681/667 701/687/673
f 701/687/673 695/681/667 702/688/674
f 689/677/663 702/688/674 695/681/667
f 692/678/664 703/689/675 689/677/663
f 704/690/676 689/677/663 703/689/675
f 704/690/676 702/688/674 689/677/663
f 707/691/677 706/692/678 705/693/679
f 706/692/678 708/694/680 705/693/679
f 709/695/681 707/691/677 705/693/679
f 709/695/681 705/693/679 710/696/682
f 710/696/682 705/693/679 711/697/683
f 711/697/683 712/698/684 710/696/682
f 712/698/684 711/697/683 713/699/685
f 713/699/685 711/697/683 714/700/686
f 714/700/686 711/697/683 715/701/687
f 715/701/687 711/697/683 716/702/688
f 716/702/688 711/697/683 717/703/689
f 717/703/689 711/697/683 718/704/690
f 705/693/679 718/704/690 711/697/683
f 708/694/680 719/705/691 705/693/679
f 720/706/692 705/693/679 719/705/691
f 720/706/692 718/704/690 705/693/679
f 723/707/693 722/708/694 721/709/695
f 724/710/696 723/707/693 721/709/695
f 724/710/696 721/709/695 725/711/697
f 725/711/697 721/709/695 726/712/698
f 727/713/699 726/712/698 721/709/695
f 721/709/695 728/714/700 727/713/699
f 727/713/699 728/714/700 729/715/701
f 729/715/701 728/714/700 730/716/702
f 730/716/702 728/714/700 731/717/703
f 731/717/703 728/714/700 732/718/704
f 732/718/704 728/714/700 733/719/705
f 733/719/705 728/714/700 734/720/706
f 735/721/707 721/709/695 722/708/694
f 736/722/708 721/709/695 735/721/707
f 736/722/708 734/720/706 728/714/700
f 728/714/700 721/709/695 736/722/708
f 737/723/577 583/569/563 585/571/565
f 737/723/577 584/570/564 583/569/563
f 591/577/571 584/570/564 737/723/577
f 740/724/709 739/725/710 738/726/711
f 741/727/712 740/724/709 738/726/711
f 739/725/710 742/728/713 738/726/711
f 742/728/713 743/729/714 738/726/711
f 743/729/714 744/730/715 738/726/711
f 745/731/716 741/727/712 738/726/711
f 746/732/717 738/726/711 744/730/715
f 744/730/715 747/733/718 746/732/717
f 747/733/718 748/734/719 746/732/717
f 748/734/719 749/735/720 746/732/717
f 749/735/720 750/736/721 746/732/717
f 750/736/721 751/737/722 746/732/717
f 751/737/722 752/738/723 746/732/717
f 752/738/723 753/739/724 746/732/717
f 753/739/724 745/731/716 738/726/711
f 738/726/711 746/732/717 753/739/724
f 756/740/725 755/741/726 754/742/727
f 757/743/728 756/740/725 754/742/727
f 758/744/729 757/743/728 754/742/727
f 755/741/726 759/745/730 754/742/727
f 759/745/730 760/746/731 754/742/727
f 760/746/731 761/747/732 754/742/727
f 762/748/733 758/744/729 754/742/727
f 754/742/727 763/749/734 762/748/733
f 764/750/735 762/748/733 763/749/734
f 765/751/736 764/750/735 763/749/734
f 766/752/737 765/751/736 763/749/734
f 767/753/738 766/752/737 763/749/734
f 768/754/739 767/753/738 763/749/734
f 769/755/740 768/754/739 763/749/734
f 754/742/727 769/755/740 763/749/734
f 754/742/727 761/747/732 769/755/740
f 772/756/741 771/757/742 770/758/743
f 771/757/742 773/759/744 770/758/743
f 773/759/744 774/760/745 770/758/743
f 775/761/746 772/756/741 770/758/743
f 776/762/747 775/761/746 770/758/743
f 777/763/748 776/762/747 770/758/743
f 774/760/745 778/764/749 770/758/743
f 778/764/749 779/765/750 770/758/743
f 779/765/750 777/763/748 770/758/743
f 778/764/749 780/766/751 779/765/750
f 780/766/751 781/767/752 779/765/750
f 781/767/752 782/768/753 779/765/750
f 782/768/753 783/769/754 779/765/750
f 783/769/754 784/770/755 779/765/750
f 784/770/755 785/771/756 779/765/750
f 779/765/750 785/771/756 777/763/748
f 788/772/757 787/773/758 786/774/759
f 789/775/760 788/772/757 786/774/759
f 790/776/761 789/775/760 786/774/759
f 787/773/758 791/777/762 786/774/759
f 791/777/762 792/778/763 786/774/759
f 792/778/763 793/779/764 786/774/759
f 794/780/765 786/774/759 793/779/764
f 794/780/765 795/781/766 786/774/759
f 795/781/766 790/776/761 786/774/759
f 794/780/765 796/782/767 795/781/766
f 796/782/767 797/783/768 795/781/766
f 797/783/768 798/784/769 795/781/766
f 798/784/769 799/785/770 795/781/766
f 799/785/770 800/786/771 795/781/766
f 800/786/771 801/787/772 795/781/766
f 795/781/766 801/787/772 790/776/761
f 804/788/773 803/789/774 802/790/775
f 805/791/776 804/788/773 802/790/775
f 806/792/777 805/791/776 802/790/775
f 803/789/774 807/793/778 802/790/775
f 807/793/778 808/794/779 802/790/775
f 809/795/780 806/792/777 802/790/775
f 809/795/780 810/796/781 806/792/777
f 811/797/782 810/796/781 809/795/780
f 812/798/783 811/797/782 809/795/780
f 813/799/784 812/798/783 809/795/780
f 814/800/785 813/799/784 809/795/780
f 815/801/786 814/800/785 809/795/780
f 816/802/787 815/801/786 809/795/780
f 808/794/779 817/803/788 802/790/775
f 809/795/780 817/803/788 816/802/787
f 802/790/775 817/803/788 809/795/780
f 292/278/280 289/277/279 314/300/302
f 314/300/302 316/302/304 292/278/280
f 311/297/299 314/300/302 289/277/279
f 289/277/279 295/281/283 311/297/299
f 1/6/6 5/10/10 6/11/11 7/13/13 13/27/27 12/25/25 11/23/23 10/20/20 9/17/17 4/8/8 3/3/3 2/2/2
o Hair001.baked
