# File generated by ImageToStl.com - Free Image and 3D model conversion tools

mtllib right_hand_rule_and_axis.mtl

o obj1
v 0 -0.09003448 -77.93502021
v 0 76.97690582 -77.93502021
v 0.40674077 76.97690582 -77.89495968
v 0.40674077 -0.09003448 -77.89495968
v 0.79785077 76.97690582 -77.77631777
v 0.79785077 -0.09003448 -77.77631777
v 1.15829974 76.97690582 -77.5836538
v 1.15829974 -0.09003448 -77.5836538
v 1.47423588 76.97690582 -77.32437168
v 1.47423588 -0.09003448 -77.32437168
v 1.73351812 76.97690582 -77.00843542
v 1.73351812 -0.09003448 -77.00843542
v 1.92618197 76.97690582 -76.64798651
v 1.92618197 -0.09003448 -76.64798651
v 2.04482387 76.97690582 -76.25687664
v 2.04482387 -0.09003448 -76.25687664
v 2.08488441 76.97690582 -75.85013596
v 2.08488441 -0.09003448 -75.85013596
v 2.044824 76.97690582 -75.44339528
v 2.044824 -0.09003448 -75.44339528
v 1.92618209 76.97690582 -75.05228541
v 1.92618209 -0.09003448 -75.05228541
v 1.73351812 76.97690582 -74.69183619
v 1.73351812 -0.09003448 -74.69183619
v 1.47423588 76.97690582 -74.37589993
v 1.47423588 -0.09003448 -74.37589993
v 1.15829962 76.97690582 -74.11661769
v 1.15829962 -0.09003448 -74.11661769
v 0.7978504 76.97690582 -73.92395358
v 0.7978504 -0.09003448 -73.92395358
v 0.40674028 76.97690582 -73.80531181
v 0.40674028 -0.09003448 -73.80531181
v -6.8E-07 76.97690582 -73.7652514
v -6.8E-07 -0.09003448 -73.7652514
v -0.40674161 76.97690582 -73.80531205
v -0.40674161 -0.09003448 -73.80531205
v -0.79785164 76.97690582 -73.92395421
v -0.79785164 -0.09003448 -73.92395421
v -1.15830073 76.97690582 -74.11661843
v -1.15830073 -0.09003448 -74.11661843
v -1.47423687 76.97690582 -74.3759008
v -1.47423687 -0.09003448 -74.3759008
v -1.73351886 76.97690582 -74.69183731
v -1.73351886 -0.09003448 -74.69183731
v -1.92618272 76.97690582 -75.05228665
v -1.92618272 -0.09003448 -75.05228665
v -2.04482425 76.97690582 -75.44339683
v -2.04482425 -0.09003448 -75.44339683
v -2.08488441 76.97690582 -75.85013782
v -2.08488441 -0.09003448 -75.85013782
v -2.0448235 76.97690582 -76.25687872
v -2.0448235 -0.09003448 -76.25687872
v -1.9261811 76.97690582 -76.64798869
v -1.9261811 -0.09003448 -76.64798869
v -1.73351663 76.97690582 -77.00843766
v -1.73351663 -0.09003448 -77.00843766
v -1.47423401 76.97690582 -77.32437354
v -1.47423401 -0.09003448 -77.32437354
v -1.15829738 76.97690582 -77.58365541
v -1.15829738 -0.09003448 -77.58365541
v -0.79784791 76.97690582 -77.77631902
v -0.79784791 -0.09003448 -77.77631902
v -0.40673764 76.97690582 -77.8949603
v -0.40673764 -0.09003448 -77.8949603
v 0 76.97690582 -77.93502021
v 0 -0.09003448 -77.93502021
v -0.40673764 76.97690582 -77.8949603
v 0.40674077 76.97690582 -77.89495968
v 0 76.97690582 -77.93502021
v -0.79784791 76.97690582 -77.77631902
v 0.79785077 76.97690582 -77.77631777
v -1.15829738 76.97690582 -77.58365541
v 1.15829974 76.97690582 -77.5836538
v -1.47423401 76.97690582 -77.32437354
v 1.47423588 76.97690582 -77.32437168
v -1.73351663 76.97690582 -77.00843766
v 1.73351812 76.97690582 -77.00843542
v -1.9261811 76.97690582 -76.64798869
v 1.92618197 76.97690582 -76.64798651
v -2.0448235 76.97690582 -76.25687872
v 2.04482387 76.97690582 -76.25687664
v -2.08488441 76.97690582 -75.85013782
v 2.08488441 76.97690582 -75.85013596
v -2.04482425 76.97690582 -75.44339683
v 2.044824 76.97690582 -75.44339528
v -1.92618272 76.97690582 -75.05228665
v 1.92618209 76.97690582 -75.05228541
v -1.73351886 76.97690582 -74.69183731
v 1.73351812 76.97690582 -74.69183619
v -1.47423687 76.97690582 -74.3759008
v 1.47423588 76.97690582 -74.37589993
v -1.15830073 76.97690582 -74.11661843
v 1.15829962 76.97690582 -74.11661769
v -0.79785164 76.97690582 -73.92395421
v 0.7978504 76.97690582 -73.92395358
v -0.40674161 76.97690582 -73.80531205
v 0.40674028 76.97690582 -73.80531181
v -6.8E-07 76.97690582 -73.7652514
v 0.40674077 -0.09003448 -77.89495968
v -0.40673764 -0.09003448 -77.8949603
v 0 -0.09003448 -77.93502021
v -0.79784791 -0.09003448 -77.77631902
v 0.79785077 -0.09003448 -77.77631777
v -1.15829738 -0.09003448 -77.58365541
v 1.15829974 -0.09003448 -77.5836538
v -1.47423401 -0.09003448 -77.32437354
v 1.47423588 -0.09003448 -77.32437168
v -1.73351663 -0.09003448 -77.00843766
v 1.73351812 -0.09003448 -77.00843542
v -1.9261811 -0.09003448 -76.64798869
v 1.92618197 -0.09003448 -76.64798651
v -2.0448235 -0.09003448 -76.25687872
v 2.04482387 -0.09003448 -76.25687664
v -2.08488441 -0.09003448 -75.85013782
v 2.08488441 -0.09003448 -75.85013596
v -2.04482425 -0.09003448 -75.44339683
v 2.044824 -0.09003448 -75.44339528
v -1.92618272 -0.09003448 -75.05228665
v 1.92618209 -0.09003448 -75.05228541
v -1.73351886 -0.09003448 -74.69183731
v 1.73351812 -0.09003448 -74.69183619
v -1.47423687 -0.09003448 -74.3759008
v 1.47423588 -0.09003448 -74.37589993
v -1.15830073 -0.09003448 -74.11661843
v 1.15829962 -0.09003448 -74.11661769
v -0.79785164 -0.09003448 -73.92395421
v 0.7978504 -0.09003448 -73.92395358
v -0.40674161 -0.09003448 -73.80531205
v 0.40674028 -0.09003448 -73.80531181
v -6.8E-07 -0.09003448 -73.7652514
vn 0 -0.6857 -0.72788
vn 0 0.6857 -0.72788
vn 0.142 0.6857 -0.7139
vn 0.142 -0.6857 -0.7139
vn 0.27855 0.6857 -0.67248
vn 0.27855 -0.6857 -0.67248
vn 0.40438 0.6857 -0.60522
vn 0.40438 -0.6857 -0.60522
vn 0.51468 0.68571 -0.51468
vn 0.51468 -0.68571 -0.51468
vn 0.60522 0.6857 -0.40438
vn 0.60522 -0.6857 -0.40438
vn 0.67248 0.6857 -0.27855
vn 0.67248 -0.6857 -0.27855
vn 0.7139 0.6857 -0.142
vn 0.7139 -0.6857 -0.142
vn 0.72788 0.6857 -0
vn 0.72788 -0.6857 -0
vn 0.7139 0.6857 0.142
vn 0.7139 -0.6857 0.142
vn 0.67248 0.6857 0.27855
vn 0.67248 -0.6857 0.27855
vn 0.60522 0.6857 0.40438
vn 0.60522 -0.6857 0.40438
vn 0.51468 0.68571 0.51468
vn 0.51468 -0.68571 0.51468
vn 0.40438 0.6857 0.60522
vn 0.40438 -0.6857 0.60522
vn 0.27855 0.6857 0.67248
vn 0.27855 -0.6857 0.67248
vn 0.142 0.6857 0.7139
vn 0.142 -0.6857 0.7139
vn 0 0.6857 0.72788
vn 0 -0.6857 0.72788
vn -0.142 0.6857 0.7139
vn -0.142 -0.6857 0.7139
vn -0.27855 0.6857 0.67248
vn -0.27855 -0.6857 0.67248
vn -0.40438 0.6857 0.60522
vn -0.40438 -0.6857 0.60522
vn -0.51468 0.68571 0.51468
vn -0.51468 -0.68571 0.51468
vn -0.60522 0.6857 0.40438
vn -0.60522 -0.6857 0.40438
vn -0.67248 0.6857 0.27855
vn -0.67248 -0.6857 0.27855
vn -0.7139 0.6857 0.142
vn -0.7139 -0.6857 0.142
vn -0.72788 0.6857 -0
vn -0.72788 -0.6857 -0
vn -0.7139 0.6857 -0.142
vn -0.7139 -0.6857 -0.142
vn -0.67248 0.6857 -0.27855
vn -0.67248 -0.6857 -0.27855
vn -0.60522 0.6857 -0.40438
vn -0.60522 -0.6857 -0.40438
vn -0.51467 0.6857 -0.5147
vn -0.51467 -0.6857 -0.5147
vn -0.40438 0.6857 -0.60522
vn -0.40438 -0.6857 -0.60522
vn -0.27855 0.6857 -0.67248
vn -0.27855 -0.6857 -0.67248
vn -0.142 0.6857 -0.7139
vn -0.142 -0.6857 -0.7139
vt 1 0.5
vt 1 0
vt 0.96875 0
vt 0.96875 0.5
vt 0.9375 0
vt 0.9375 0.5
vt 0.90625 0
vt 0.90625 0.5
vt 0.875 0
vt 0.875 0.5
vt 0.84375 0
vt 0.84375 0.5
vt 0.8125 0
vt 0.8125 0.5
vt 0.78125 0
vt 0.78125 0.5
vt 0.75 0
vt 0.75 0.5
vt 0.71875 0
vt 0.71875 0.5
vt 0.6875 0
vt 0.6875 0.5
vt 0.65625 0
vt 0.65625 0.5
vt 0.625 0
vt 0.625 0.5
vt 0.59375 0
vt 0.59375 0.5
vt 0.5625 0
vt 0.5625 0.5
vt 0.53125 0
vt 0.53125 0.5
vt 0.5 0
vt 0.5 0.5
vt 0.46875 0
vt 0.46875 0.5
vt 0.4375 0
vt 0.4375 0.5
vt 0.40625 0
vt 0.40625 0.5
vt 0.375 0
vt 0.375 0.5
vt 0.34375 0
vt 0.34375 0.5
vt 0.3125 0
vt 0.3125 0.5
vt 0.28125 0
vt 0.28125 0.5
vt 0.25 0
vt 0.25 0.5
vt 0.21875 0
vt 0.21875 0.5
vt 0.1875 0
vt 0.1875 0.5
vt 0.15625 0
vt 0.15625 0.5
vt 0.125 0
vt 0.125 0.5
vt 0.09375 0
vt 0.09375 0.5
vt 0.0625 0
vt 0.0625 0.5
vt 0.03125 0
vt 0.03125 0.5
vt 0 0
vt 0 0.5
vt 0.20318 0.51461
vt 0.29682 0.51461
vt 0.25 0.51
vt 0.15816 0.52827
vt 0.34184 0.52827
vt 0.11666 0.55045
vt 0.38334 0.55045
vt 0.08029 0.58029
vt 0.41971 0.58029
vt 0.05045 0.61666
vt 0.44955 0.61666
vt 0.02827 0.65816
vt 0.47173 0.65816
vt 0.01461 0.70318
vt 0.48539 0.70318
vt 0.01 0.75
vt 0.49 0.75
vt 0.01461 0.79682
vt 0.48539 0.79682
vt 0.02827 0.84184
vt 0.47173 0.84184
vt 0.05045 0.88334
vt 0.44955 0.88334
vt 0.08029 0.91971
vt 0.41971 0.91971
vt 0.11666 0.94955
vt 0.38334 0.94955
vt 0.15816 0.97173
vt 0.34184 0.97173
vt 0.20318 0.98539
vt 0.29682 0.98539
vt 0.25 0.99
vt 0.79682 0.51461
vt 0.70318 0.51461
vt 0.75 0.51
vt 0.65816 0.52827
vt 0.84184 0.52827
vt 0.61666 0.55045
vt 0.88334 0.55045
vt 0.58029 0.58029
vt 0.91971 0.58029
vt 0.55045 0.61666
vt 0.94955 0.61666
vt 0.52827 0.65816
vt 0.97173 0.65816
vt 0.51461 0.70318
vt 0.98539 0.70318
vt 0.51 0.75
vt 0.99 0.75
vt 0.51461 0.79682
vt 0.98539 0.79682
vt 0.52827 0.84184
vt 0.97173 0.84184
vt 0.55045 0.88334
vt 0.94955 0.88334
vt 0.58029 0.91971
vt 0.91971 0.91971
vt 0.61666 0.94955
vt 0.88334 0.94955
vt 0.65816 0.97173
vt 0.84184 0.97173
vt 0.70318 0.98539
vt 0.79682 0.98539
vt 0.75 0.99
usemtl mat0
f 1/1/1 2/2/2 3/3/3
f 1/1/1 3/3/3 4/4/4
f 4/4/4 3/3/3 5/5/5
f 4/4/4 5/5/5 6/6/6
f 6/6/6 5/5/5 7/7/7
f 6/6/6 7/7/7 8/8/8
f 8/8/8 7/7/7 9/9/9
f 8/8/8 9/9/9 10/10/10
f 10/10/10 9/9/9 11/11/11
f 10/10/10 11/11/11 12/12/12
f 12/12/12 11/11/11 13/13/13
f 12/12/12 13/13/13 14/14/14
f 14/14/14 13/13/13 15/15/15
f 14/14/14 15/15/15 16/16/16
f 16/16/16 15/15/15 17/17/17
f 16/16/16 17/17/17 18/18/18
f 18/18/18 17/17/17 19/19/19
f 18/18/18 19/19/19 20/20/20
f 20/20/20 19/19/19 21/21/21
f 20/20/20 21/21/21 22/22/22
f 22/22/22 21/21/21 23/23/23
f 22/22/22 23/23/23 24/24/24
f 24/24/24 23/23/23 25/25/25
f 24/24/24 25/25/25 26/26/26
f 26/26/26 25/25/25 27/27/27
f 26/26/26 27/27/27 28/28/28
f 28/28/28 27/27/27 29/29/29
f 28/28/28 29/29/29 30/30/30
f 30/30/30 29/29/29 31/31/31
f 30/30/30 31/31/31 32/32/32
f 32/32/32 31/31/31 33/33/33
f 32/32/32 33/33/33 34/34/34
f 34/34/34 33/33/33 35/35/35
f 34/34/34 35/35/35 36/36/36
f 36/36/36 35/35/35 37/37/37
f 36/36/36 37/37/37 38/38/38
f 38/38/38 37/37/37 39/39/39
f 38/38/38 39/39/39 40/40/40
f 40/40/40 39/39/39 41/41/41
f 40/40/40 41/41/41 42/42/42
f 42/42/42 41/41/41 43/43/43
f 42/42/42 43/43/43 44/44/44
f 44/44/44 43/43/43 45/45/45
f 44/44/44 45/45/45 46/46/46
f 46/46/46 45/45/45 47/47/47
f 46/46/46 47/47/47 48/48/48
f 48/48/48 47/47/47 49/49/49
f 48/48/48 49/49/49 50/50/50
f 50/50/50 49/49/49 51/51/51
f 50/50/50 51/51/51 52/52/52
f 52/52/52 51/51/51 53/53/53
f 52/52/52 53/53/53 54/54/54
f 54/54/54 53/53/53 55/55/55
f 54/54/54 55/55/55 56/56/56
f 56/56/56 55/55/55 57/57/57
f 56/56/56 57/57/57 58/58/58
f 58/58/58 57/57/57 59/59/59
f 58/58/58 59/59/59 60/60/60
f 60/60/60 59/59/59 61/61/61
f 60/60/60 61/61/61 62/62/62
f 62/62/62 61/61/61 63/63/63
f 62/62/62 63/63/63 64/64/64
f 64/64/64 63/63/63 65/65/2
f 64/64/64 65/65/2 66/66/1
f 67/67/63 68/68/3 69/69/2
f 68/68/3 67/67/63 70/70/61
f 68/68/3 70/70/61 71/71/5
f 71/71/5 70/70/61 72/72/59
f 71/71/5 72/72/59 73/73/7
f 73/73/7 72/72/59 74/74/57
f 73/73/7 74/74/57 75/75/9
f 75/75/9 74/74/57 76/76/55
f 75/75/9 76/76/55 77/77/11
f 77/77/11 76/76/55 78/78/53
f 77/77/11 78/78/53 79/79/13
f 79/79/13 78/78/53 80/80/51
f 79/79/13 80/80/51 81/81/15
f 81/81/15 80/80/51 82/82/49
f 81/81/15 82/82/49 83/83/17
f 83/83/17 82/82/49 84/84/47
f 83/83/17 84/84/47 85/85/19
f 85/85/19 84/84/47 86/86/45
f 85/85/19 86/86/45 87/87/21
f 87/87/21 86/86/45 88/88/43
f 87/87/21 88/88/43 89/89/23
f 89/89/23 88/88/43 90/90/41
f 89/89/23 90/90/41 91/91/25
f 91/91/25 90/90/41 92/92/39
f 91/91/25 92/92/39 93/93/27
f 93/93/27 92/92/39 94/94/37
f 93/93/27 94/94/37 95/95/29
f 95/95/29 94/94/37 96/96/35
f 95/95/29 96/96/35 97/97/31
f 97/97/31 96/96/35 98/98/33
f 99/99/4 100/100/64 101/101/1
f 100/100/64 99/99/4 102/102/62
f 102/102/62 99/99/4 103/103/6
f 102/102/62 103/103/6 104/104/60
f 104/104/60 103/103/6 105/105/8
f 104/104/60 105/105/8 106/106/58
f 106/106/58 105/105/8 107/107/10
f 106/106/58 107/107/10 108/108/56
f 108/108/56 107/107/10 109/109/12
f 108/108/56 109/109/12 110/110/54
f 110/110/54 109/109/12 111/111/14
f 110/110/54 111/111/14 112/112/52
f 112/112/52 111/111/14 113/113/16
f 112/112/52 113/113/16 114/114/50
f 114/114/50 113/113/16 115/115/18
f 114/114/50 115/115/18 116/116/48
f 116/116/48 115/115/18 117/117/20
f 116/116/48 117/117/20 118/118/46
f 118/118/46 117/117/20 119/119/22
f 118/118/46 119/119/22 120/120/44
f 120/120/44 119/119/22 121/121/24
f 120/120/44 121/121/24 122/122/42
f 122/122/42 121/121/24 123/123/26
f 122/122/42 123/123/26 124/124/40
f 124/124/40 123/123/26 125/125/28
f 124/124/40 125/125/28 126/126/38
f 126/126/38 125/125/28 127/127/30
f 126/126/38 127/127/30 128/128/36
f 128/128/36 127/127/30 129/129/32
f 128/128/36 129/129/32 130/130/34
# Vertices: 130, normals: 64, texture coordinates: 130, faces: 124

o obj2
v 0 73.02113438 -84.65340328
v 0 90.62766933 -75.8501358
v 1.7174323 73.02113438 -84.4842507
v 3.36886482 73.02113438 -83.9832942
v 4.89083347 73.02113438 -83.16978505
v 6.22485002 73.02113438 -82.07498583
v 7.31964977 73.02113438 -80.74096875
v 8.13315839 73.02113438 -79.21900036
v 8.6341149 73.02113438 -77.56756837
v 8.80326748 73.02113438 -75.85013647
v 8.63411543 73.02113438 -74.13270455
v 8.13315892 73.02113438 -72.48127255
v 7.31964977 73.02113438 -70.95930286
v 6.22485002 73.02113438 -69.62528578
v 4.89083294 73.02113438 -68.53048603
v 3.36886325 73.02113438 -67.71697636
v 1.7174302 73.02113438 -67.21602038
v -2.87E-06 73.02113438 -67.04686832
v -1.71743584 73.02113438 -67.21602143
v -3.3688685 73.02113438 -67.71697898
v -4.89083767 73.02113438 -68.53048918
v -6.22485422 73.02113438 -69.62528945
v -7.31965292 73.02113438 -70.95930758
v -8.13316154 73.02113438 -72.4812778
v -8.63411648 73.02113438 -74.13271111
v -8.80326748 73.02113438 -75.8501443
v -8.63411333 73.02113438 -77.56757716
v -8.13315472 73.02113438 -79.21900955
v -7.31964348 73.02113438 -80.74097819
v -6.22484215 73.02113438 -82.0749937
v -4.8908235 73.02113438 -83.16979187
v -3.36885275 73.02113438 -83.98329944
v -1.71741905 73.02113438 -84.48425333
v 1.7174323 73.02113438 -84.4842507
v -1.71741905 73.02113438 -84.48425333
v 0 73.02113438 -84.65340328
v -3.36885275 73.02113438 -83.98329944
v 3.36886482 73.02113438 -83.9832942
v -4.8908235 73.02113438 -83.16979187
v 4.89083347 73.02113438 -83.16978505
v -6.22484215 73.02113438 -82.0749937
v 6.22485002 73.02113438 -82.07498583
v -7.31964348 73.02113438 -80.74097819
v 7.31964977 73.02113438 -80.74096875
v -8.13315472 73.02113438 -79.21900955
v 8.13315839 73.02113438 -79.21900036
v -8.63411333 73.02113438 -77.56757716
v 8.6341149 73.02113438 -77.56756837
v -8.80326748 73.02113438 -75.8501443
v 8.80326748 73.02113438 -75.85013647
v -8.63411648 73.02113438 -74.13271111
v 8.63411543 73.02113438 -74.13270455
v -8.13316154 73.02113438 -72.4812778
v 8.13315892 73.02113438 -72.48127255
v -7.31965292 73.02113438 -70.95930758
v 7.31964977 73.02113438 -70.95930286
v -6.22485422 73.02113438 -69.62528945
v 6.22485002 73.02113438 -69.62528578
v -4.89083767 73.02113438 -68.53048918
v 4.89083294 73.02113438 -68.53048603
v -3.3688685 73.02113438 -67.71697898
v 3.36886325 73.02113438 -67.71697636
v -1.71743584 73.02113438 -67.21602143
v 1.7174302 73.02113438 -67.21602038
v -2.87E-06 73.02113438 -67.04686832
vn 0 -0.50329 -0.86412
vn 0 1 -0
vn 0.16856 -0.50329 -0.84752
vn 0.33067 -0.50329 -0.79835
vn 0.48007 -0.5033 -0.71849
vn 0.61102 -0.50329 -0.61102
vn 0.71849 -0.5033 -0.48007
vn 0.79835 -0.50329 -0.33067
vn 0.84752 -0.50329 -0.16856
vn 0.86412 -0.50329 -0
vn 0.84752 -0.50329 0.16856
vn 0.79835 -0.50329 0.33067
vn 0.71849 -0.5033 0.48007
vn 0.61102 -0.50329 0.61102
vn 0.48007 -0.5033 0.71849
vn 0.33067 -0.50329 0.79835
vn 0.16856 -0.50329 0.84752
vn 0 -0.50329 0.86412
vn -0.16856 -0.50329 0.84752
vn -0.33067 -0.50329 0.79835
vn -0.48007 -0.5033 0.71849
vn -0.61102 -0.50329 0.61102
vn -0.71849 -0.5033 0.48007
vn -0.79835 -0.50329 0.33067
vn -0.84752 -0.50329 0.16856
vn -0.86412 -0.50329 -0
vn -0.84752 -0.50329 -0.16856
vn -0.79835 -0.50329 -0.33067
vn -0.71849 -0.5033 -0.48007
vn -0.61102 -0.50329 -0.61102
vn -0.48007 -0.5033 -0.71849
vn -0.33067 -0.50329 -0.79835
vn -0.16856 -0.50329 -0.84752
vt 0.25 0.51
vt 0.25 0.75
vt 0.29682 0.51461
vt 0.34184 0.52827
vt 0.38334 0.55045
vt 0.41971 0.58029
vt 0.44955 0.61666
vt 0.47173 0.65816
vt 0.48539 0.70318
vt 0.49 0.75
vt 0.48539 0.79682
vt 0.47173 0.84184
vt 0.44955 0.88334
vt 0.41971 0.91971
vt 0.38334 0.94955
vt 0.34184 0.97173
vt 0.29682 0.98539
vt 0.25 0.99
vt 0.20318 0.98539
vt 0.15816 0.97173
vt 0.11666 0.94955
vt 0.08029 0.91971
vt 0.05045 0.88334
vt 0.02827 0.84184
vt 0.01461 0.79682
vt 0.01 0.75
vt 0.01461 0.70318
vt 0.02827 0.65816
vt 0.05045 0.61666
vt 0.08029 0.58029
vt 0.11666 0.55045
vt 0.15816 0.52827
vt 0.20318 0.51461
vt 0.79682 0.51461
vt 0.70318 0.51461
vt 0.75 0.51
vt 0.65816 0.52827
vt 0.84184 0.52827
vt 0.61666 0.55045
vt 0.88334 0.55045
vt 0.58029 0.58029
vt 0.91971 0.58029
vt 0.55045 0.61666
vt 0.94955 0.61666
vt 0.52827 0.65816
vt 0.97173 0.65816
vt 0.51461 0.70318
vt 0.98539 0.70318
vt 0.51 0.75
vt 0.99 0.75
vt 0.51461 0.79682
vt 0.98539 0.79682
vt 0.52827 0.84184
vt 0.97173 0.84184
vt 0.55045 0.88334
vt 0.94955 0.88334
vt 0.58029 0.91971
vt 0.91971 0.91971
vt 0.61666 0.94955
vt 0.88334 0.94955
vt 0.65816 0.97173
vt 0.84184 0.97173
vt 0.70318 0.98539
vt 0.79682 0.98539
vt 0.75 0.99
usemtl mat0
f 131/131/65 132/132/66 133/133/67
f 133/133/67 132/132/66 134/134/68
f 134/134/68 132/132/66 135/135/69
f 135/135/69 132/132/66 136/136/70
f 136/136/70 132/132/66 137/137/71
f 137/137/71 132/132/66 138/138/72
f 138/138/72 132/132/66 139/139/73
f 139/139/73 132/132/66 140/140/74
f 140/140/74 132/132/66 141/141/75
f 141/141/75 132/132/66 142/142/76
f 142/142/76 132/132/66 143/143/77
f 143/143/77 132/132/66 144/144/78
f 144/144/78 132/132/66 145/145/79
f 145/145/79 132/132/66 146/146/80
f 146/146/80 132/132/66 147/147/81
f 147/147/81 132/132/66 148/148/82
f 148/148/82 132/132/66 149/149/83
f 149/149/83 132/132/66 150/150/84
f 150/150/84 132/132/66 151/151/85
f 151/151/85 132/132/66 152/152/86
f 152/152/86 132/132/66 153/153/87
f 153/153/87 132/132/66 154/154/88
f 154/154/88 132/132/66 155/155/89
f 155/155/89 132/132/66 156/156/90
f 156/156/90 132/132/66 157/157/91
f 157/157/91 132/132/66 158/158/92
f 158/158/92 132/132/66 159/159/93
f 159/159/93 132/132/66 160/160/94
f 160/160/94 132/132/66 161/161/95
f 161/161/95 132/132/66 162/162/96
f 162/162/96 132/132/66 163/163/97
f 163/163/97 132/132/66 131/131/65
f 164/164/67 165/165/97 166/166/65
f 165/165/97 164/164/67 167/167/96
f 167/167/96 164/164/67 168/168/68
f 167/167/96 168/168/68 169/169/95
f 169/169/95 168/168/68 170/170/69
f 169/169/95 170/170/69 171/171/94
f 171/171/94 170/170/69 172/172/70
f 171/171/94 172/172/70 173/173/93
f 173/173/93 172/172/70 174/174/71
f 173/173/93 174/174/71 175/175/92
f 175/175/92 174/174/71 176/176/72
f 175/175/92 176/176/72 177/177/91
f 177/177/91 176/176/72 178/178/73
f 177/177/91 178/178/73 179/179/90
f 179/179/90 178/178/73 180/180/74
f 179/179/90 180/180/74 181/181/89
f 181/181/89 180/180/74 182/182/75
f 181/181/89 182/182/75 183/183/88
f 183/183/88 182/182/75 184/184/76
f 183/183/88 184/184/76 185/185/87
f 185/185/87 184/184/76 186/186/77
f 185/185/87 186/186/77 187/187/86
f 187/187/86 186/186/77 188/188/78
f 187/187/86 188/188/78 189/189/85
f 189/189/85 188/188/78 190/190/79
f 189/189/85 190/190/79 191/191/84
f 191/191/84 190/190/79 192/192/80
f 191/191/84 192/192/80 193/193/83
f 193/193/83 192/192/80 194/194/81
f 193/193/83 194/194/81 195/195/82
# Vertices: 65, normals: 33, texture coordinates: 65, faces: 62

o obj3
v 0 0.3137945 -74.21045902
v 0 0.31378415 -151.27740968
v 0.40674077 0.35384469 -151.27740969
v 0.40674077 0.35385504 -74.21045903
v 0.79785077 0.4724866 -151.2774097
v 0.79785077 0.47249696 -74.21045904
v 1.15829974 0.66515061 -151.27740973
v 1.15829974 0.66516096 -74.21045907
v 1.47423588 0.92443276 -151.27740976
v 1.47423588 0.92444311 -74.2104591
v 1.73351812 1.24036906 -151.27740981
v 1.73351812 1.24037942 -74.21045914
v 1.92618197 1.60081802 -151.27740986
v 1.92618197 1.60082837 -74.21045919
v 2.04482387 1.99192794 -151.27740991
v 2.04482387 1.9919383 -74.21045925
v 2.08488441 2.39866868 -151.27740996
v 2.08488441 2.39867903 -74.2104593
v 2.044824 2.80540941 -151.27741002
v 2.044824 2.80541977 -74.21045935
v 1.92618209 3.19651934 -151.27741007
v 1.92618209 3.19652969 -74.21045941
v 1.73351812 3.5569686 -151.27741012
v 1.73351812 3.55697896 -74.21045946
v 1.47423588 3.87290491 -151.27741016
v 1.47423588 3.87291526 -74.2104595
v 1.15829962 4.13218718 -151.2774102
v 1.15829962 4.13219754 -74.21045953
v 0.7978504 4.32485131 -151.27741022
v 0.7978504 4.32486167 -74.21045956
v 0.40674028 4.44349311 -151.27741024
v 0.40674028 4.44350346 -74.21045957
v -6.8E-07 4.48355352 -151.27741024
v -6.8E-07 4.48356387 -74.21045958
v -0.40674161 4.44349286 -151.27741024
v -0.40674161 4.44350321 -74.21045957
v -0.79785164 4.32485069 -151.27741022
v -0.79785164 4.32486105 -74.21045956
v -1.15830073 4.13218644 -151.2774102
v -1.15830073 4.13219679 -74.21045953
v -1.47423687 3.87290404 -151.27741016
v -1.47423687 3.87291439 -74.2104595
v -1.73351886 3.55696749 -151.27741012
v -1.73351886 3.55697784 -74.21045946
v -1.92618272 3.1965181 -151.27741007
v -1.92618272 3.19652845 -74.21045941
v -2.04482425 2.80540786 -151.27741002
v -2.04482425 2.80541821 -74.21045935
v -2.08488441 2.39866682 -151.27740996
v -2.08488441 2.39867718 -74.2104593
v -2.0448235 1.99192586 -151.27740991
v -2.0448235 1.99193622 -74.21045925
v -1.9261811 1.60081584 -151.27740986
v -1.9261811 1.6008262 -74.21045919
v -1.73351663 1.24036683 -151.27740981
v -1.73351663 1.24037718 -74.21045914
v -1.47423401 0.9244309 -151.27740976
v -1.47423401 0.92444125 -74.2104591
v -1.15829738 0.66514899 -151.27740973
v -1.15829738 0.66515935 -74.21045907
v -0.79784791 0.47248536 -151.2774097
v -0.79784791 0.47249572 -74.21045904
v -0.40673764 0.35384406 -151.27740969
v -0.40673764 0.35385442 -74.21045903
v 0 0.31378415 -151.27740968
v 0 0.3137945 -74.21045902
v -0.40673764 0.35384406 -151.27740969
v 0.40674077 0.35384469 -151.27740969
v 0 0.31378415 -151.27740968
v -0.79784791 0.47248536 -151.2774097
v 0.79785077 0.4724866 -151.2774097
v -1.15829738 0.66514899 -151.27740973
v 1.15829974 0.66515061 -151.27740973
v -1.47423401 0.9244309 -151.27740976
v 1.47423588 0.92443276 -151.27740976
v -1.73351663 1.24036683 -151.27740981
v 1.73351812 1.24036906 -151.27740981
v -1.9261811 1.60081584 -151.27740986
v 1.92618197 1.60081802 -151.27740986
v -2.0448235 1.99192586 -151.27740991
v 2.04482387 1.99192794 -151.27740991
v -2.08488441 2.39866682 -151.27740996
v 2.08488441 2.39866868 -151.27740996
v -2.04482425 2.80540786 -151.27741002
v 2.044824 2.80540941 -151.27741002
v -1.92618272 3.1965181 -151.27741007
v 1.92618209 3.19651934 -151.27741007
v -1.73351886 3.55696749 -151.27741012
v 1.73351812 3.5569686 -151.27741012
v -1.47423687 3.87290404 -151.27741016
v 1.47423588 3.87290491 -151.27741016
v -1.15830073 4.13218644 -151.2774102
v 1.15829962 4.13218718 -151.2774102
v -0.79785164 4.32485069 -151.27741022
v 0.7978504 4.32485131 -151.27741022
v -0.40674161 4.44349286 -151.27741024
v 0.40674028 4.44349311 -151.27741024
v -6.8E-07 4.48355352 -151.27741024
v 0.40674077 0.35385504 -74.21045903
v -0.40673764 0.35385442 -74.21045903
v 0 0.3137945 -74.21045902
v -0.79784791 0.47249572 -74.21045904
v 0.79785077 0.47249696 -74.21045904
v -1.15829738 0.66515935 -74.21045907
v 1.15829974 0.66516096 -74.21045907
v -1.47423401 0.92444125 -74.2104591
v 1.47423588 0.92444311 -74.2104591
v -1.73351663 1.24037718 -74.21045914
v 1.73351812 1.24037942 -74.21045914
v -1.9261811 1.6008262 -74.21045919
v 1.92618197 1.60082837 -74.21045919
v -2.0448235 1.99193622 -74.21045925
v 2.04482387 1.9919383 -74.21045925
v -2.08488441 2.39867718 -74.2104593
v 2.08488441 2.39867903 -74.2104593
v -2.04482425 2.80541821 -74.21045935
v 2.044824 2.80541977 -74.21045935
v -1.92618272 3.19652845 -74.21045941
v 1.92618209 3.19652969 -74.21045941
v -1.73351886 3.55697784 -74.21045946
v 1.73351812 3.55697896 -74.21045946
v -1.47423687 3.87291439 -74.2104595
v 1.47423588 3.87291526 -74.2104595
v -1.15830073 4.13219679 -74.21045953
v 1.15829962 4.13219754 -74.21045953
v -0.79785164 4.32486105 -74.21045956
v 0.7978504 4.32486167 -74.21045956
v -0.40674161 4.44350321 -74.21045957
v 0.40674028 4.44350346 -74.21045957
v -6.8E-07 4.48356387 -74.21045958
vn 0 -0.6857 -0.72788
vn 0 0.6857 -0.72788
vn 0.142 0.6857 -0.7139
vn 0.142 -0.6857 -0.7139
vn 0.27855 0.6857 -0.67248
vn 0.27855 -0.6857 -0.67248
vn 0.40438 0.6857 -0.60522
vn 0.40438 -0.6857 -0.60522
vn 0.51468 0.68571 -0.51468
vn 0.51468 -0.68571 -0.51468
vn 0.60522 0.6857 -0.40438
vn 0.60522 -0.6857 -0.40438
vn 0.67248 0.6857 -0.27855
vn 0.67248 -0.6857 -0.27855
vn 0.7139 0.6857 -0.142
vn 0.7139 -0.6857 -0.142
vn 0.72788 0.6857 -0
vn 0.72788 -0.6857 -0
vn 0.7139 0.6857 0.142
vn 0.7139 -0.6857 0.142
vn 0.67248 0.6857 0.27855
vn 0.67248 -0.6857 0.27855
vn 0.60522 0.6857 0.40438
vn 0.60522 -0.6857 0.40438
vn 0.51468 0.68571 0.51468
vn 0.51468 -0.68571 0.51468
vn 0.40438 0.6857 0.60522
vn 0.40438 -0.6857 0.60522
vn 0.27855 0.6857 0.67248
vn 0.27855 -0.6857 0.67248
vn 0.142 0.6857 0.7139
vn 0.142 -0.6857 0.7139
vn 0 0.6857 0.72788
vn 0 -0.6857 0.72788
vn -0.142 0.6857 0.7139
vn -0.142 -0.6857 0.7139
vn -0.27855 0.6857 0.67248
vn -0.27855 -0.6857 0.67248
vn -0.40438 0.6857 0.60522
vn -0.40438 -0.6857 0.60522
vn -0.51468 0.68571 0.51468
vn -0.51468 -0.68571 0.51468
vn -0.60522 0.6857 0.40438
vn -0.60522 -0.6857 0.40438
vn -0.67248 0.6857 0.27855
vn -0.67248 -0.6857 0.27855
vn -0.7139 0.6857 0.142
vn -0.7139 -0.6857 0.142
vn -0.72788 0.6857 -0
vn -0.72788 -0.6857 -0
vn -0.7139 0.6857 -0.142
vn -0.7139 -0.6857 -0.142
vn -0.67248 0.6857 -0.27855
vn -0.67248 -0.6857 -0.27855
vn -0.60522 0.6857 -0.40438
vn -0.60522 -0.6857 -0.40438
vn -0.51467 0.6857 -0.5147
vn -0.51467 -0.6857 -0.5147
vn -0.40438 0.6857 -0.60522
vn -0.40438 -0.6857 -0.60522
vn -0.27855 0.6857 -0.67248
vn -0.27855 -0.6857 -0.67248
vn -0.142 0.6857 -0.7139
vn -0.142 -0.6857 -0.7139
vt 1 0.5
vt 1 0
vt 0.96875 0
vt 0.96875 0.5
vt 0.9375 0
vt 0.9375 0.5
vt 0.90625 0
vt 0.90625 0.5
vt 0.875 0
vt 0.875 0.5
vt 0.84375 0
vt 0.84375 0.5
vt 0.8125 0
vt 0.8125 0.5
vt 0.78125 0
vt 0.78125 0.5
vt 0.75 0
vt 0.75 0.5
vt 0.71875 0
vt 0.71875 0.5
vt 0.6875 0
vt 0.6875 0.5
vt 0.65625 0
vt 0.65625 0.5
vt 0.625 0
vt 0.625 0.5
vt 0.59375 0
vt 0.59375 0.5
vt 0.5625 0
vt 0.5625 0.5
vt 0.53125 0
vt 0.53125 0.5
vt 0.5 0
vt 0.5 0.5
vt 0.46875 0
vt 0.46875 0.5
vt 0.4375 0
vt 0.4375 0.5
vt 0.40625 0
vt 0.40625 0.5
vt 0.375 0
vt 0.375 0.5
vt 0.34375 0
vt 0.34375 0.5
vt 0.3125 0
vt 0.3125 0.5
vt 0.28125 0
vt 0.28125 0.5
vt 0.25 0
vt 0.25 0.5
vt 0.21875 0
vt 0.21875 0.5
vt 0.1875 0
vt 0.1875 0.5
vt 0.15625 0
vt 0.15625 0.5
vt 0.125 0
vt 0.125 0.5
vt 0.09375 0
vt 0.09375 0.5
vt 0.0625 0
vt 0.0625 0.5
vt 0.03125 0
vt 0.03125 0.5
vt 0 0
vt 0 0.5
vt 0.20318 0.51461
vt 0.29682 0.51461
vt 0.25 0.51
vt 0.15816 0.52827
vt 0.34184 0.52827
vt 0.11666 0.55045
vt 0.38334 0.55045
vt 0.08029 0.58029
vt 0.41971 0.58029
vt 0.05045 0.61666
vt 0.44955 0.61666
vt 0.02827 0.65816
vt 0.47173 0.65816
vt 0.01461 0.70318
vt 0.48539 0.70318
vt 0.01 0.75
vt 0.49 0.75
vt 0.01461 0.79682
vt 0.48539 0.79682
vt 0.02827 0.84184
vt 0.47173 0.84184
vt 0.05045 0.88334
vt 0.44955 0.88334
vt 0.08029 0.91971
vt 0.41971 0.91971
vt 0.11666 0.94955
vt 0.38334 0.94955
vt 0.15816 0.97173
vt 0.34184 0.97173
vt 0.20318 0.98539
vt 0.29682 0.98539
vt 0.25 0.99
vt 0.79682 0.51461
vt 0.70318 0.51461
vt 0.75 0.51
vt 0.65816 0.52827
vt 0.84184 0.52827
vt 0.61666 0.55045
vt 0.88334 0.55045
vt 0.58029 0.58029
vt 0.91971 0.58029
vt 0.55045 0.61666
vt 0.94955 0.61666
vt 0.52827 0.65816
vt 0.97173 0.65816
vt 0.51461 0.70318
vt 0.98539 0.70318
vt 0.51 0.75
vt 0.99 0.75
vt 0.51461 0.79682
vt 0.98539 0.79682
vt 0.52827 0.84184
vt 0.97173 0.84184
vt 0.55045 0.88334
vt 0.94955 0.88334
vt 0.58029 0.91971
vt 0.91971 0.91971
vt 0.61666 0.94955
vt 0.88334 0.94955
vt 0.65816 0.97173
vt 0.84184 0.97173
vt 0.70318 0.98539
vt 0.79682 0.98539
vt 0.75 0.99
usemtl mat1
f 196/196/98 197/197/99 198/198/100
f 196/196/98 198/198/100 199/199/101
f 199/199/101 198/198/100 200/200/102
f 199/199/101 200/200/102 201/201/103
f 201/201/103 200/200/102 202/202/104
f 201/201/103 202/202/104 203/203/105
f 203/203/105 202/202/104 204/204/106
f 203/203/105 204/204/106 205/205/107
f 205/205/107 204/204/106 206/206/108
f 205/205/107 206/206/108 207/207/109
f 207/207/109 206/206/108 208/208/110
f 207/207/109 208/208/110 209/209/111
f 209/209/111 208/208/110 210/210/112
f 209/209/111 210/210/112 211/211/113
f 211/211/113 210/210/112 212/212/114
f 211/211/113 212/212/114 213/213/115
f 213/213/115 212/212/114 214/214/116
f 213/213/115 214/214/116 215/215/117
f 215/215/117 214/214/116 216/216/118
f 215/215/117 216/216/118 217/217/119
f 217/217/119 216/216/118 218/218/120
f 217/217/119 218/218/120 219/219/121
f 219/219/121 218/218/120 220/220/122
f 219/219/121 220/220/122 221/221/123
f 221/221/123 220/220/122 222/222/124
f 221/221/123 222/222/124 223/223/125
f 223/223/125 222/222/124 224/224/126
f 223/223/125 224/224/126 225/225/127
f 225/225/127 224/224/126 226/226/128
f 225/225/127 226/226/128 227/227/129
f 227/227/129 226/226/128 228/228/130
f 227/227/129 228/228/130 229/229/131
f 229/229/131 228/228/130 230/230/132
f 229/229/131 230/230/132 231/231/133
f 231/231/133 230/230/132 232/232/134
f 231/231/133 232/232/134 233/233/135
f 233/233/135 232/232/134 234/234/136
f 233/233/135 234/234/136 235/235/137
f 235/235/137 234/234/136 236/236/138
f 235/235/137 236/236/138 237/237/139
f 237/237/139 236/236/138 238/238/140
f 237/237/139 238/238/140 239/239/141
f 239/239/141 238/238/140 240/240/142
f 239/239/141 240/240/142 241/241/143
f 241/241/143 240/240/142 242/242/144
f 241/241/143 242/242/144 243/243/145
f 243/243/145 242/242/144 244/244/146
f 243/243/145 244/244/146 245/245/147
f 245/245/147 244/244/146 246/246/148
f 245/245/147 246/246/148 247/247/149
f 247/247/149 246/246/148 248/248/150
f 247/247/149 248/248/150 249/249/151
f 249/249/151 248/248/150 250/250/152
f 249/249/151 250/250/152 251/251/153
f 251/251/153 250/250/152 252/252/154
f 251/251/153 252/252/154 253/253/155
f 253/253/155 252/252/154 254/254/156
f 253/253/155 254/254/156 255/255/157
f 255/255/157 254/254/156 256/256/158
f 255/255/157 256/256/158 257/257/159
f 257/257/159 256/256/158 258/258/160
f 257/257/159 258/258/160 259/259/161
f 259/259/161 258/258/160 260/260/99
f 259/259/161 260/260/99 261/261/98
f 262/262/160 263/263/100 264/264/99
f 263/263/100 262/262/160 265/265/158
f 263/263/100 265/265/158 266/266/102
f 266/266/102 265/265/158 267/267/156
f 266/266/102 267/267/156 268/268/104
f 268/268/104 267/267/156 269/269/154
f 268/268/104 269/269/154 270/270/106
f 270/270/106 269/269/154 271/271/152
f 270/270/106 271/271/152 272/272/108
f 272/272/108 271/271/152 273/273/150
f 272/272/108 273/273/150 274/274/110
f 274/274/110 273/273/150 275/275/148
f 274/274/110 275/275/148 276/276/112
f 276/276/112 275/275/148 277/277/146
f 276/276/112 277/277/146 278/278/114
f 278/278/114 277/277/146 279/279/144
f 278/278/114 279/279/144 280/280/116
f 280/280/116 279/279/144 281/281/142
f 280/280/116 281/281/142 282/282/118
f 282/282/118 281/281/142 283/283/140
f 282/282/118 283/283/140 284/284/120
f 284/284/120 283/283/140 285/285/138
f 284/284/120 285/285/138 286/286/122
f 286/286/122 285/285/138 287/287/136
f 286/286/122 287/287/136 288/288/124
f 288/288/124 287/287/136 289/289/134
f 288/288/124 289/289/134 290/290/126
f 290/290/126 289/289/134 291/291/132
f 290/290/126 291/291/132 292/292/128
f 292/292/128 291/291/132 293/293/130
f 294/294/101 295/295/161 296/296/98
f 295/295/161 294/294/101 297/297/159
f 297/297/159 294/294/101 298/298/103
f 297/297/159 298/298/103 299/299/157
f 299/299/157 298/298/103 300/300/105
f 299/299/157 300/300/105 301/301/155
f 301/301/155 300/300/105 302/302/107
f 301/301/155 302/302/107 303/303/153
f 303/303/153 302/302/107 304/304/109
f 303/303/153 304/304/109 305/305/151
f 305/305/151 304/304/109 306/306/111
f 305/305/151 306/306/111 307/307/149
f 307/307/149 306/306/111 308/308/113
f 307/307/149 308/308/113 309/309/147
f 309/309/147 308/308/113 310/310/115
f 309/309/147 310/310/115 311/311/145
f 311/311/145 310/310/115 312/312/117
f 311/311/145 312/312/117 313/313/143
f 313/313/143 312/312/117 314/314/119
f 313/313/143 314/314/119 315/315/141
f 315/315/141 314/314/119 316/316/121
f 315/315/141 316/316/121 317/317/139
f 317/317/139 316/316/121 318/318/123
f 317/317/139 318/318/123 319/319/137
f 319/319/137 318/318/123 320/320/125
f 319/319/137 320/320/125 321/321/135
f 321/321/135 320/320/125 322/322/127
f 321/321/135 322/322/127 323/323/133
f 323/323/133 322/322/127 324/324/129
f 323/323/133 324/324/129 325/325/131
# Vertices: 130, normals: 64, texture coordinates: 130, faces: 124

o obj4
v 0 -6.40459347 -147.3216386
v 0 2.39867283 -164.92817711
v 1.7174323 -6.23544087 -147.32163863
v 3.36886482 -5.73448429 -147.32163869
v 4.89083347 -4.92097504 -147.3216388
v 6.22485002 -3.82617567 -147.32163895
v 7.31964977 -2.49215841 -147.32163913
v 8.13315839 -0.97018982 -147.32163933
v 8.6341149 0.6812424 -147.32163955
v 8.80326748 2.39867453 -147.32163979
v 8.63411543 4.11610668 -147.32164002
v 8.13315892 5.76753889 -147.32164024
v 7.31964977 7.28950879 -147.32164044
v 6.22485002 8.62352605 -147.32164062
v 4.89083294 9.71832595 -147.32164077
v 3.36886325 10.53183573 -147.32164088
v 1.7174302 11.03279178 -147.32164095
v -2.87E-06 11.20194386 -147.32164097
v -1.71743584 11.03279073 -147.32164095
v -3.3688685 10.53183311 -147.32164088
v -4.89083767 9.7183228 -147.32164077
v -6.22485422 8.62352238 -147.32164062
v -7.31965292 7.28950407 -147.32164044
v -8.13316154 5.76753365 -147.32164024
v -8.63411648 4.11610012 -147.32164002
v -8.80326748 2.39866669 -147.32163979
v -8.63411333 0.68123361 -147.32163955
v -8.13315472 -0.970199 -147.32163933
v -7.31964348 -2.49216785 -147.32163913
v -6.22484215 -3.82618354 -147.32163895
v -4.8908235 -4.92098186 -147.3216388
v -3.36885275 -5.73448954 -147.32163869
v -1.71741905 -6.23544349 -147.32163863
v 1.7174323 -6.23544087 -147.32163863
v -1.71741905 -6.23544349 -147.32163863
v 0 -6.40459347 -147.3216386
v -3.36885275 -5.73448954 -147.32163869
v 3.36886482 -5.73448429 -147.32163869
v -4.8908235 -4.92098186 -147.3216388
v 4.89083347 -4.92097504 -147.3216388
v -6.22484215 -3.82618354 -147.32163895
v 6.22485002 -3.82617567 -147.32163895
v -7.31964348 -2.49216785 -147.32163913
v 7.31964977 -2.49215841 -147.32163913
v -8.13315472 -0.970199 -147.32163933
v 8.13315839 -0.97018982 -147.32163933
v -8.63411333 0.68123361 -147.32163955
v 8.6341149 0.6812424 -147.32163955
v -8.80326748 2.39866669 -147.32163979
v 8.80326748 2.39867453 -147.32163979
v -8.63411648 4.11610012 -147.32164002
v 8.63411543 4.11610668 -147.32164002
v -8.13316154 5.76753365 -147.32164024
v 8.13315892 5.76753889 -147.32164024
v -7.31965292 7.28950407 -147.32164044
v 7.31964977 7.28950879 -147.32164044
v -6.22485422 8.62352238 -147.32164062
v 6.22485002 8.62352605 -147.32164062
v -4.89083767 9.7183228 -147.32164077
v 4.89083294 9.71832595 -147.32164077
v -3.3688685 10.53183311 -147.32164088
v 3.36886325 10.53183573 -147.32164088
v -1.71743584 11.03279073 -147.32164095
v 1.7174302 11.03279178 -147.32164095
v -2.87E-06 11.20194386 -147.32164097
vn 0 -0.50329 -0.86412
vn 0 1 -0
vn 0.16856 -0.50329 -0.84752
vn 0.33067 -0.50329 -0.79835
vn 0.48007 -0.5033 -0.71849
vn 0.61102 -0.50329 -0.61102
vn 0.71849 -0.5033 -0.48007
vn 0.79835 -0.50329 -0.33067
vn 0.84752 -0.50329 -0.16856
vn 0.86412 -0.50329 -0
vn 0.84752 -0.50329 0.16856
vn 0.79835 -0.50329 0.33067
vn 0.71849 -0.5033 0.48007
vn 0.61102 -0.50329 0.61102
vn 0.48007 -0.5033 0.71849
vn 0.33067 -0.50329 0.79835
vn 0.16856 -0.50329 0.84752
vn 0 -0.50329 0.86412
vn -0.16856 -0.50329 0.84752
vn -0.33067 -0.50329 0.79835
vn -0.48007 -0.5033 0.71849
vn -0.61102 -0.50329 0.61102
vn -0.71849 -0.5033 0.48007
vn -0.79835 -0.50329 0.33067
vn -0.84752 -0.50329 0.16856
vn -0.86412 -0.50329 -0
vn -0.84752 -0.50329 -0.16856
vn -0.79835 -0.50329 -0.33067
vn -0.71849 -0.5033 -0.48007
vn -0.61102 -0.50329 -0.61102
vn -0.48007 -0.5033 -0.71849
vn -0.33067 -0.50329 -0.79835
vn -0.16856 -0.50329 -0.84752
vt 0.25 0.51
vt 0.25 0.75
vt 0.29682 0.51461
vt 0.34184 0.52827
vt 0.38334 0.55045
vt 0.41971 0.58029
vt 0.44955 0.61666
vt 0.47173 0.65816
vt 0.48539 0.70318
vt 0.49 0.75
vt 0.48539 0.79682
vt 0.47173 0.84184
vt 0.44955 0.88334
vt 0.41971 0.91971
vt 0.38334 0.94955
vt 0.34184 0.97173
vt 0.29682 0.98539
vt 0.25 0.99
vt 0.20318 0.98539
vt 0.15816 0.97173
vt 0.11666 0.94955
vt 0.08029 0.91971
vt 0.05045 0.88334
vt 0.02827 0.84184
vt 0.01461 0.79682
vt 0.01 0.75
vt 0.01461 0.70318
vt 0.02827 0.65816
vt 0.05045 0.61666
vt 0.08029 0.58029
vt 0.11666 0.55045
vt 0.15816 0.52827
vt 0.20318 0.51461
vt 0.79682 0.51461
vt 0.70318 0.51461
vt 0.75 0.51
vt 0.65816 0.52827
vt 0.84184 0.52827
vt 0.61666 0.55045
vt 0.88334 0.55045
vt 0.58029 0.58029
vt 0.91971 0.58029
vt 0.55045 0.61666
vt 0.94955 0.61666
vt 0.52827 0.65816
vt 0.97173 0.65816
vt 0.51461 0.70318
vt 0.98539 0.70318
vt 0.51 0.75
vt 0.99 0.75
vt 0.51461 0.79682
vt 0.98539 0.79682
vt 0.52827 0.84184
vt 0.97173 0.84184
vt 0.55045 0.88334
vt 0.94955 0.88334
vt 0.58029 0.91971
vt 0.91971 0.91971
vt 0.61666 0.94955
vt 0.88334 0.94955
vt 0.65816 0.97173
vt 0.84184 0.97173
vt 0.70318 0.98539
vt 0.79682 0.98539
vt 0.75 0.99
usemtl mat1
f 326/326/162 327/327/163 328/328/164
f 328/328/164 327/327/163 329/329/165
f 329/329/165 327/327/163 330/330/166
f 330/330/166 327/327/163 331/331/167
f 331/331/167 327/327/163 332/332/168
f 332/332/168 327/327/163 333/333/169
f 333/333/169 327/327/163 334/334/170
f 334/334/170 327/327/163 335/335/171
f 335/335/171 327/327/163 336/336/172
f 336/336/172 327/327/163 337/337/173
f 337/337/173 327/327/163 338/338/174
f 338/338/174 327/327/163 339/339/175
f 339/339/175 327/327/163 340/340/176
f 340/340/176 327/327/163 341/341/177
f 341/341/177 327/327/163 342/342/178
f 342/342/178 327/327/163 343/343/179
f 343/343/179 327/327/163 344/344/180
f 344/344/180 327/327/163 345/345/181
f 345/345/181 327/327/163 346/346/182
f 346/346/182 327/327/163 347/347/183
f 347/347/183 327/327/163 348/348/184
f 348/348/184 327/327/163 349/349/185
f 349/349/185 327/327/163 350/350/186
f 350/350/186 327/327/163 351/351/187
f 351/351/187 327/327/163 352/352/188
f 352/352/188 327/327/163 353/353/189
f 353/353/189 327/327/163 354/354/190
f 354/354/190 327/327/163 355/355/191
f 355/355/191 327/327/163 356/356/192
f 356/356/192 327/327/163 357/357/193
f 357/357/193 327/327/163 358/358/194
f 358/358/194 327/327/163 326/326/162
f 359/359/164 360/360/194 361/361/162
f 360/360/194 359/359/164 362/362/193
f 362/362/193 359/359/164 363/363/165
f 362/362/193 363/363/165 364/364/192
f 364/364/192 363/363/165 365/365/166
f 364/364/192 365/365/166 366/366/191
f 366/366/191 365/365/166 367/367/167
f 366/366/191 367/367/167 368/368/190
f 368/368/190 367/367/167 369/369/168
f 368/368/190 369/369/168 370/370/189
f 370/370/189 369/369/168 371/371/169
f 370/370/189 371/371/169 372/372/188
f 372/372/188 371/371/169 373/373/170
f 372/372/188 373/373/170 374/374/187
f 374/374/187 373/373/170 375/375/171
f 374/374/187 375/375/171 376/376/186
f 376/376/186 375/375/171 377/377/172
f 376/376/186 377/377/172 378/378/185
f 378/378/185 377/377/172 379/379/173
f 378/378/185 379/379/173 380/380/184
f 380/380/184 379/379/173 381/381/174
f 380/380/184 381/381/174 382/382/183
f 382/382/183 381/381/174 383/383/175
f 382/382/183 383/383/175 384/384/182
f 384/384/182 383/383/175 385/385/176
f 384/384/182 385/385/176 386/386/181
f 386/386/181 385/385/176 387/387/177
f 386/386/181 387/387/177 388/388/180
f 388/388/180 387/387/177 389/389/178
f 388/388/180 389/389/178 390/390/179
# Vertices: 65, normals: 33, texture coordinates: 65, faces: 62

o obj5
v -2.07553802 -0.25489021 -76.00729271
v 74.99141607 -0.25490858 -76.00727893
v 74.99141592 -0.21484807 -75.60053809
v -2.07553816 -0.2148297 -75.60055187
v 74.99141579 -0.09620617 -75.20942804
v -2.0755383 -0.0961878 -75.20944182
v 74.99141567 0.09645782 -74.84897903
v -2.07553841 0.0964762 -74.84899281
v 74.99141558 0.35573997 -74.53304287
v -2.07553851 0.35575834 -74.53305665
v 74.9914155 0.67167627 -74.27376062
v -2.07553859 0.67169464 -74.2737744
v 74.99141546 1.03212523 -74.08109677
v -2.07553863 1.0321436 -74.08111055
v 74.99141544 1.42323516 -73.96245489
v -2.07553865 1.42325354 -73.96246867
v 74.99141545 1.82997591 -73.9223944
v -2.07553864 1.82999429 -73.92240818
v 74.99141549 2.23671667 -73.96245487
v -2.0755386 2.23673504 -73.96246865
v 74.99141555 2.62782662 -74.08109684
v -2.07553854 2.62784499 -74.08111062
v 74.99141564 2.98827591 -74.27376089
v -2.07553845 2.98829429 -74.27377467
v 74.99141575 3.30421224 -74.53304322
v -2.07553834 3.30423062 -74.533057
v 74.99141588 3.56349455 -74.84897957
v -2.07553821 3.56351293 -74.84899335
v 74.99141602 3.75615871 -75.20942887
v -2.07553807 3.75617708 -75.20944265
v 74.99141617 3.87480053 -75.60053908
v -2.07553792 3.87481891 -75.60055286
v 74.99141632 3.91486097 -76.00728011
v -2.07553777 3.91487935 -76.00729389
v 74.99141646 3.87480033 -76.41402111
v -2.07553763 3.87481871 -76.41403489
v 74.99141659 3.75615818 -76.80513119
v -2.0755375 3.75617656 -76.80514497
v 74.99141671 3.56349394 -77.16558033
v -2.07553738 3.56351232 -77.16559411
v 74.99141681 3.30421155 -77.48151649
v -2.07553728 3.30422992 -77.48153027
v 74.99141688 2.988275 -77.74079849
v -2.07553721 2.98829337 -77.74081227
v 74.99141693 2.6278256 -77.93346234
v -2.07553716 2.62784398 -77.93347612
v 74.99141695 2.23671536 -78.05210384
v -2.07553714 2.23673373 -78.05211762
v 74.99141694 1.8299743 -78.09216396
v -2.07553715 1.82999268 -78.09217774
v 74.9914169 1.42323333 -78.052103
v -2.07553719 1.4232517 -78.05211678
v 74.99141683 1.03212328 -77.93346053
v -2.07553725 1.03214166 -77.93347431
v 74.99141674 0.67167424 -77.74079598
v -2.07553735 0.67169261 -77.74080976
v 74.99141663 0.35573828 -77.48151328
v -2.07553746 0.35575665 -77.48152706
v 74.9914165 0.09645634 -77.16557656
v -2.07553759 0.09647472 -77.16559034
v 74.99141636 -0.09620732 -76.80512701
v -2.07553773 -0.09618894 -76.80514079
v 74.99141622 -0.21484864 -76.41401665
v -2.07553787 -0.21483027 -76.41403043
v 74.99141607 -0.25490858 -76.00727893
v -2.07553802 -0.25489021 -76.00729271
v 74.99141622 -0.21484864 -76.41401665
v 74.99141592 -0.21484807 -75.60053809
v 74.99141607 -0.25490858 -76.00727893
v 74.99141636 -0.09620732 -76.80512701
v 74.99141579 -0.09620617 -75.20942804
v 74.9914165 0.09645634 -77.16557656
v 74.99141567 0.09645782 -74.84897903
v 74.99141663 0.35573828 -77.48151328
v 74.99141558 0.35573997 -74.53304287
v 74.99141674 0.67167424 -77.74079598
v 74.9914155 0.67167627 -74.27376062
v 74.99141683 1.03212328 -77.93346053
v 74.99141546 1.03212523 -74.08109677
v 74.9914169 1.42323333 -78.052103
v 74.99141544 1.42323516 -73.96245489
v 74.99141694 1.8299743 -78.09216396
v 74.99141545 1.82997591 -73.9223944
v 74.99141695 2.23671536 -78.05210384
v 74.99141549 2.23671667 -73.96245487
v 74.99141693 2.6278256 -77.93346234
v 74.99141555 2.62782662 -74.08109684
v 74.99141688 2.988275 -77.74079849
v 74.99141564 2.98827591 -74.27376089
v 74.99141681 3.30421155 -77.48151649
v 74.99141575 3.30421224 -74.53304322
v 74.99141671 3.56349394 -77.16558033
v 74.99141588 3.56349455 -74.84897957
v 74.99141659 3.75615818 -76.80513119
v 74.99141602 3.75615871 -75.20942887
v 74.99141646 3.87480033 -76.41402111
v 74.99141617 3.87480053 -75.60053908
v 74.99141632 3.91486097 -76.00728011
v -2.07553816 -0.2148297 -75.60055187
v -2.07553787 -0.21483027 -76.41403043
v -2.07553802 -0.25489021 -76.00729271
v -2.07553773 -0.09618894 -76.80514079
v -2.0755383 -0.0961878 -75.20944182
v -2.07553759 0.09647472 -77.16559034
v -2.07553841 0.0964762 -74.84899281
v -2.07553746 0.35575665 -77.48152706
v -2.07553851 0.35575834 -74.53305665
v -2.07553735 0.67169261 -77.74080976
v -2.07553859 0.67169464 -74.2737744
v -2.07553725 1.03214166 -77.93347431
v -2.07553863 1.0321436 -74.08111055
v -2.07553719 1.4232517 -78.05211678
v -2.07553865 1.42325354 -73.96246867
v -2.07553715 1.82999268 -78.09217774
v -2.07553864 1.82999429 -73.92240818
v -2.07553714 2.23673373 -78.05211762
v -2.0755386 2.23673504 -73.96246865
v -2.07553716 2.62784398 -77.93347612
v -2.07553854 2.62784499 -74.08111062
v -2.07553721 2.98829337 -77.74081227
v -2.07553845 2.98829429 -74.27377467
v -2.07553728 3.30422992 -77.48153027
v -2.07553834 3.30423062 -74.533057
v -2.07553738 3.56351232 -77.16559411
v -2.07553821 3.56351293 -74.84899335
v -2.0755375 3.75617656 -76.80514497
v -2.07553807 3.75617708 -75.20944265
v -2.07553763 3.87481871 -76.41403489
v -2.07553792 3.87481891 -75.60055286
v -2.07553777 3.91487935 -76.00729389
vn 0 -0.6857 -0.72788
vn 0 0.6857 -0.72788
vn 0.142 0.6857 -0.7139
vn 0.142 -0.6857 -0.7139
vn 0.27855 0.6857 -0.67248
vn 0.27855 -0.6857 -0.67248
vn 0.40438 0.6857 -0.60522
vn 0.40438 -0.6857 -0.60522
vn 0.51468 0.68571 -0.51468
vn 0.51468 -0.68571 -0.51468
vn 0.60522 0.6857 -0.40438
vn 0.60522 -0.6857 -0.40438
vn 0.67248 0.6857 -0.27855
vn 0.67248 -0.6857 -0.27855
vn 0.7139 0.6857 -0.142
vn 0.7139 -0.6857 -0.142
vn 0.72788 0.6857 -0
vn 0.72788 -0.6857 -0
vn 0.7139 0.6857 0.142
vn 0.7139 -0.6857 0.142
vn 0.67248 0.6857 0.27855
vn 0.67248 -0.6857 0.27855
vn 0.60522 0.6857 0.40438
vn 0.60522 -0.6857 0.40438
vn 0.51468 0.68571 0.51468
vn 0.51468 -0.68571 0.51468
vn 0.40438 0.6857 0.60522
vn 0.40438 -0.6857 0.60522
vn 0.27855 0.6857 0.67248
vn 0.27855 -0.6857 0.67248
vn 0.142 0.6857 0.7139
vn 0.142 -0.6857 0.7139
vn 0 0.6857 0.72788
vn 0 -0.6857 0.72788
vn -0.142 0.6857 0.7139
vn -0.142 -0.6857 0.7139
vn -0.27855 0.6857 0.67248
vn -0.27855 -0.6857 0.67248
vn -0.40438 0.6857 0.60522
vn -0.40438 -0.6857 0.60522
vn -0.51468 0.68571 0.51468
vn -0.51468 -0.68571 0.51468
vn -0.60522 0.6857 0.40438
vn -0.60522 -0.6857 0.40438
vn -0.67248 0.6857 0.27855
vn -0.67248 -0.6857 0.27855
vn -0.7139 0.6857 0.142
vn -0.7139 -0.6857 0.142
vn -0.72788 0.6857 -0
vn -0.72788 -0.6857 -0
vn -0.7139 0.6857 -0.142
vn -0.7139 -0.6857 -0.142
vn -0.67248 0.6857 -0.27855
vn -0.67248 -0.6857 -0.27855
vn -0.60522 0.6857 -0.40438
vn -0.60522 -0.6857 -0.40438
vn -0.51467 0.6857 -0.5147
vn -0.51467 -0.6857 -0.5147
vn -0.40438 0.6857 -0.60522
vn -0.40438 -0.6857 -0.60522
vn -0.27855 0.6857 -0.67248
vn -0.27855 -0.6857 -0.67248
vn -0.142 0.6857 -0.7139
vn -0.142 -0.6857 -0.7139
vt 1 0.5
vt 1 0
vt 0.96875 0
vt 0.96875 0.5
vt 0.9375 0
vt 0.9375 0.5
vt 0.90625 0
vt 0.90625 0.5
vt 0.875 0
vt 0.875 0.5
vt 0.84375 0
vt 0.84375 0.5
vt 0.8125 0
vt 0.8125 0.5
vt 0.78125 0
vt 0.78125 0.5
vt 0.75 0
vt 0.75 0.5
vt 0.71875 0
vt 0.71875 0.5
vt 0.6875 0
vt 0.6875 0.5
vt 0.65625 0
vt 0.65625 0.5
vt 0.625 0
vt 0.625 0.5
vt 0.59375 0
vt 0.59375 0.5
vt 0.5625 0
vt 0.5625 0.5
vt 0.53125 0
vt 0.53125 0.5
vt 0.5 0
vt 0.5 0.5
vt 0.46875 0
vt 0.46875 0.5
vt 0.4375 0
vt 0.4375 0.5
vt 0.40625 0
vt 0.40625 0.5
vt 0.375 0
vt 0.375 0.5
vt 0.34375 0
vt 0.34375 0.5
vt 0.3125 0
vt 0.3125 0.5
vt 0.28125 0
vt 0.28125 0.5
vt 0.25 0
vt 0.25 0.5
vt 0.21875 0
vt 0.21875 0.5
vt 0.1875 0
vt 0.1875 0.5
vt 0.15625 0
vt 0.15625 0.5
vt 0.125 0
vt 0.125 0.5
vt 0.09375 0
vt 0.09375 0.5
vt 0.0625 0
vt 0.0625 0.5
vt 0.03125 0
vt 0.03125 0.5
vt 0 0
vt 0 0.5
vt 0.20318 0.51461
vt 0.29682 0.51461
vt 0.25 0.51
vt 0.15816 0.52827
vt 0.34184 0.52827
vt 0.11666 0.55045
vt 0.38334 0.55045
vt 0.08029 0.58029
vt 0.41971 0.58029
vt 0.05045 0.61666
vt 0.44955 0.61666
vt 0.02827 0.65816
vt 0.47173 0.65816
vt 0.01461 0.70318
vt 0.48539 0.70318
vt 0.01 0.75
vt 0.49 0.75
vt 0.01461 0.79682
vt 0.48539 0.79682
vt 0.02827 0.84184
vt 0.47173 0.84184
vt 0.05045 0.88334
vt 0.44955 0.88334
vt 0.08029 0.91971
vt 0.41971 0.91971
vt 0.11666 0.94955
vt 0.38334 0.94955
vt 0.15816 0.97173
vt 0.34184 0.97173
vt 0.20318 0.98539
vt 0.29682 0.98539
vt 0.25 0.99
vt 0.79682 0.51461
vt 0.70318 0.51461
vt 0.75 0.51
vt 0.65816 0.52827
vt 0.84184 0.52827
vt 0.61666 0.55045
vt 0.88334 0.55045
vt 0.58029 0.58029
vt 0.91971 0.58029
vt 0.55045 0.61666
vt 0.94955 0.61666
vt 0.52827 0.65816
vt 0.97173 0.65816
vt 0.51461 0.70318
vt 0.98539 0.70318
vt 0.51 0.75
vt 0.99 0.75
vt 0.51461 0.79682
vt 0.98539 0.79682
vt 0.52827 0.84184
vt 0.97173 0.84184
vt 0.55045 0.88334
vt 0.94955 0.88334
vt 0.58029 0.91971
vt 0.91971 0.91971
vt 0.61666 0.94955
vt 0.88334 0.94955
vt 0.65816 0.97173
vt 0.84184 0.97173
vt 0.70318 0.98539
vt 0.79682 0.98539
vt 0.75 0.99
usemtl mat2
f 391/391/195 392/392/196 393/393/197
f 391/391/195 393/393/197 394/394/198
f 394/394/198 393/393/197 395/395/199
f 394/394/198 395/395/199 396/396/200
f 396/396/200 395/395/199 397/397/201
f 396/396/200 397/397/201 398/398/202
f 398/398/202 397/397/201 399/399/203
f 398/398/202 399/399/203 400/400/204
f 400/400/204 399/399/203 401/401/205
f 400/400/204 401/401/205 402/402/206
f 402/402/206 401/401/205 403/403/207
f 402/402/206 403/403/207 404/404/208
f 404/404/208 403/403/207 405/405/209
f 404/404/208 405/405/209 406/406/210
f 406/406/210 405/405/209 407/407/211
f 406/406/210 407/407/211 408/408/212
f 408/408/212 407/407/211 409/409/213
f 408/408/212 409/409/213 410/410/214
f 410/410/214 409/409/213 411/411/215
f 410/410/214 411/411/215 412/412/216
f 412/412/216 411/411/215 413/413/217
f 412/412/216 413/413/217 414/414/218
f 414/414/218 413/413/217 415/415/219
f 414/414/218 415/415/219 416/416/220
f 416/416/220 415/415/219 417/417/221
f 416/416/220 417/417/221 418/418/222
f 418/418/222 417/417/221 419/419/223
f 418/418/222 419/419/223 420/420/224
f 420/420/224 419/419/223 421/421/225
f 420/420/224 421/421/225 422/422/226
f 422/422/226 421/421/225 423/423/227
f 422/422/226 423/423/227 424/424/228
f 424/424/228 423/423/227 425/425/229
f 424/424/228 425/425/229 426/426/230
f 426/426/230 425/425/229 427/427/231
f 426/426/230 427/427/231 428/428/232
f 428/428/232 427/427/231 429/429/233
f 428/428/232 429/429/233 430/430/234
f 430/430/234 429/429/233 431/431/235
f 430/430/234 431/431/235 432/432/236
f 432/432/236 431/431/235 433/433/237
f 432/432/236 433/433/237 434/434/238
f 434/434/238 433/433/237 435/435/239
f 434/434/238 435/435/239 436/436/240
f 436/436/240 435/435/239 437/437/241
f 436/436/240 437/437/241 438/438/242
f 438/438/242 437/437/241 439/439/243
f 438/438/242 439/439/243 440/440/244
f 440/440/244 439/439/243 441/441/245
f 440/440/244 441/441/245 442/442/246
f 442/442/246 441/441/245 443/443/247
f 442/442/246 443/443/247 444/444/248
f 444/444/248 443/443/247 445/445/249
f 444/444/248 445/445/249 446/446/250
f 446/446/250 445/445/249 447/447/251
f 446/446/250 447/447/251 448/448/252
f 448/448/252 447/447/251 449/449/253
f 448/448/252 449/449/253 450/450/254
f 450/450/254 449/449/253 451/451/255
f 450/450/254 451/451/255 452/452/256
f 452/452/256 451/451/255 453/453/257
f 452/452/256 453/453/257 454/454/258
f 454/454/258 453/453/257 455/455/196
f 454/454/258 455/455/196 456/456/195
f 457/457/257 458/458/197 459/459/196
f 458/458/197 457/457/257 460/460/255
f 458/458/197 460/460/255 461/461/199
f 461/461/199 460/460/255 462/462/253
f 461/461/199 462/462/253 463/463/201
f 463/463/201 462/462/253 464/464/251
f 463/463/201 464/464/251 465/465/203
f 465/465/203 464/464/251 466/466/249
f 465/465/203 466/466/249 467/467/205
f 467/467/205 466/466/249 468/468/247
f 467/467/205 468/468/247 469/469/207
f 469/469/207 468/468/247 470/470/245
f 469/469/207 470/470/245 471/471/209
f 471/471/209 470/470/245 472/472/243
f 471/471/209 472/472/243 473/473/211
f 473/473/211 472/472/243 474/474/241
f 473/473/211 474/474/241 475/475/213
f 475/475/213 474/474/241 476/476/239
f 475/475/213 476/476/239 477/477/215
f 477/477/215 476/476/239 478/478/237
f 477/477/215 478/478/237 479/479/217
f 479/479/217 478/478/237 480/480/235
f 479/479/217 480/480/235 481/481/219
f 481/481/219 480/480/235 482/482/233
f 481/481/219 482/482/233 483/483/221
f 483/483/221 482/482/233 484/484/231
f 483/483/221 484/484/231 485/485/223
f 485/485/223 484/484/231 486/486/229
f 485/485/223 486/486/229 487/487/225
f 487/487/225 486/486/229 488/488/227
f 489/489/198 490/490/258 491/491/195
f 490/490/258 489/489/198 492/492/256
f 492/492/256 489/489/198 493/493/200
f 492/492/256 493/493/200 494/494/254
f 494/494/254 493/493/200 495/495/202
f 494/494/254 495/495/202 496/496/252
f 496/496/252 495/495/202 497/497/204
f 496/496/252 497/497/204 498/498/250
f 498/498/250 497/497/204 499/499/206
f 498/498/250 499/499/206 500/500/248
f 500/500/248 499/499/206 501/501/208
f 500/500/248 501/501/208 502/502/246
f 502/502/246 501/501/208 503/503/210
f 502/502/246 503/503/210 504/504/244
f 504/504/244 503/503/210 505/505/212
f 504/504/244 505/505/212 506/506/242
f 506/506/242 505/505/212 507/507/214
f 506/506/242 507/507/214 508/508/240
f 508/508/240 507/507/214 509/509/216
f 508/508/240 509/509/216 510/510/238
f 510/510/238 509/509/216 511/511/218
f 510/510/238 511/511/218 512/512/236
f 512/512/236 511/511/218 513/513/220
f 512/512/236 513/513/220 514/514/234
f 514/514/234 513/513/220 515/515/222
f 514/514/234 515/515/222 516/516/232
f 516/516/232 515/515/222 517/517/224
f 516/516/232 517/517/224 518/518/230
f 518/518/230 517/517/224 519/519/226
f 518/518/230 519/519/226 520/520/228
# Vertices: 130, normals: 64, texture coordinates: 130, faces: 124

o obj6
v 71.03563576 -6.97328157 -76.0072866
v 88.64217439 1.82998328 -76.0072845
v 71.03563515 -6.80412907 -74.28985401
v 71.03563459 -6.30317257 -72.63842125
v 71.0356341 -5.48966337 -71.11645243
v 71.03563368 -4.39486403 -69.78243577
v 71.03563337 -3.06084678 -68.68763598
v 71.03563317 -1.53887817 -67.8741274
v 71.03563309 0.11255409 -67.373171
v 71.03563313 1.82998629 -67.20401859
v 71.0356333 3.54741852 -67.37317088
v 71.03563357 5.19885084 -67.87412767
v 71.03563396 6.72082086 -68.68763715
v 71.03563443 8.05483825 -69.78243725
v 71.03563497 9.14963827 -71.1164547
v 71.03563556 9.96314818 -72.63842476
v 71.03563618 10.46410435 -74.28985816
v 71.03563681 10.63325653 -76.00729156
v 71.03563741 10.4641035 -77.72472483
v 71.03563797 9.96314595 -79.37615771
v 71.03563847 9.14963571 -80.89812706
v 71.03563888 8.05483531 -82.23214372
v 71.03563919 6.72081701 -83.32694246
v 71.03563939 5.19884657 -84.14045104
v 71.03563947 3.54741299 -84.64140587
v 71.03563943 1.8299795 -84.8105567
v 71.03563927 0.11254633 -84.64140231
v 71.03563899 -1.53888638 -84.14044342
v 71.03563861 -3.06085535 -83.32693185
v 71.03563814 -4.39487116 -82.23213017
v 71.03563759 -5.48966961 -80.89811115
v 71.035637 -6.30317742 -79.37614003
v 71.03563638 -6.80413149 -77.72470598
v 71.03563515 -6.80412907 -74.28985401
v 71.03563638 -6.80413149 -77.72470598
v 71.03563576 -6.97328157 -76.0072866
v 71.035637 -6.30317742 -79.37614003
v 71.03563459 -6.30317257 -72.63842125
v 71.03563759 -5.48966961 -80.89811115
v 71.0356341 -5.48966337 -71.11645243
v 71.03563814 -4.39487116 -82.23213017
v 71.03563368 -4.39486403 -69.78243577
v 71.03563861 -3.06085535 -83.32693185
v 71.03563337 -3.06084678 -68.68763598
v 71.03563899 -1.53888638 -84.14044342
v 71.03563317 -1.53887817 -67.8741274
v 71.03563927 0.11254633 -84.64140231
v 71.03563309 0.11255409 -67.373171
v 71.03563943 1.8299795 -84.8105567
v 71.03563313 1.82998629 -67.20401859
v 71.03563947 3.54741299 -84.64140587
v 71.0356333 3.54741852 -67.37317088
v 71.03563939 5.19884657 -84.14045104
v 71.03563357 5.19885084 -67.87412767
v 71.03563919 6.72081701 -83.32694246
v 71.03563396 6.72082086 -68.68763715
v 71.03563888 8.05483531 -82.23214372
v 71.03563443 8.05483825 -69.78243725
v 71.03563847 9.14963571 -80.89812706
v 71.03563497 9.14963827 -71.1164547
v 71.03563797 9.96314595 -79.37615771
v 71.03563556 9.96314818 -72.63842476
v 71.03563741 10.4641035 -77.72472483
v 71.03563618 10.46410435 -74.28985816
v 71.03563681 10.63325653 -76.00729156
vn 0 -0.50329 -0.86412
vn 0 1 -0
vn 0.16856 -0.50329 -0.84752
vn 0.33067 -0.50329 -0.79835
vn 0.48007 -0.5033 -0.71849
vn 0.61102 -0.50329 -0.61102
vn 0.71849 -0.5033 -0.48007
vn 0.79835 -0.50329 -0.33067
vn 0.84752 -0.50329 -0.16856
vn 0.86412 -0.50329 -0
vn 0.84752 -0.50329 0.16856
vn 0.79835 -0.50329 0.33067
vn 0.71849 -0.5033 0.48007
vn 0.61102 -0.50329 0.61102
vn 0.48007 -0.5033 0.71849
vn 0.33067 -0.50329 0.79835
vn 0.16856 -0.50329 0.84752
vn 0 -0.50329 0.86412
vn -0.16856 -0.50329 0.84752
vn -0.33067 -0.50329 0.79835
vn -0.48007 -0.5033 0.71849
vn -0.61102 -0.50329 0.61102
vn -0.71849 -0.5033 0.48007
vn -0.79835 -0.50329 0.33067
vn -0.84752 -0.50329 0.16856
vn -0.86412 -0.50329 -0
vn -0.84752 -0.50329 -0.16856
vn -0.79835 -0.50329 -0.33067
vn -0.71849 -0.5033 -0.48007
vn -0.61102 -0.50329 -0.61102
vn -0.48007 -0.5033 -0.71849
vn -0.33067 -0.50329 -0.79835
vn -0.16856 -0.50329 -0.84752
vt 0.25 0.51
vt 0.25 0.75
vt 0.29682 0.51461
vt 0.34184 0.52827
vt 0.38334 0.55045
vt 0.41971 0.58029
vt 0.44955 0.61666
vt 0.47173 0.65816
vt 0.48539 0.70318
vt 0.49 0.75
vt 0.48539 0.79682
vt 0.47173 0.84184
vt 0.44955 0.88334
vt 0.41971 0.91971
vt 0.38334 0.94955
vt 0.34184 0.97173
vt 0.29682 0.98539
vt 0.25 0.99
vt 0.20318 0.98539
vt 0.15816 0.97173
vt 0.11666 0.94955
vt 0.08029 0.91971
vt 0.05045 0.88334
vt 0.02827 0.84184
vt 0.01461 0.79682
vt 0.01 0.75
vt 0.01461 0.70318
vt 0.02827 0.65816
vt 0.05045 0.61666
vt 0.08029 0.58029
vt 0.11666 0.55045
vt 0.15816 0.52827
vt 0.20318 0.51461
vt 0.79682 0.51461
vt 0.70318 0.51461
vt 0.75 0.51
vt 0.65816 0.52827
vt 0.84184 0.52827
vt 0.61666 0.55045
vt 0.88334 0.55045
vt 0.58029 0.58029
vt 0.91971 0.58029
vt 0.55045 0.61666
vt 0.94955 0.61666
vt 0.52827 0.65816
vt 0.97173 0.65816
vt 0.51461 0.70318
vt 0.98539 0.70318
vt 0.51 0.75
vt 0.99 0.75
vt 0.51461 0.79682
vt 0.98539 0.79682
vt 0.52827 0.84184
vt 0.97173 0.84184
vt 0.55045 0.88334
vt 0.94955 0.88334
vt 0.58029 0.91971
vt 0.91971 0.91971
vt 0.61666 0.94955
vt 0.88334 0.94955
vt 0.65816 0.97173
vt 0.84184 0.97173
vt 0.70318 0.98539
vt 0.79682 0.98539
vt 0.75 0.99
usemtl mat2
f 521/521/259 522/522/260 523/523/261
f 523/523/261 522/522/260 524/524/262
f 524/524/262 522/522/260 525/525/263
f 525/525/263 522/522/260 526/526/264
f 526/526/264 522/522/260 527/527/265
f 527/527/265 522/522/260 528/528/266
f 528/528/266 522/522/260 529/529/267
f 529/529/267 522/522/260 530/530/268
f 530/530/268 522/522/260 531/531/269
f 531/531/269 522/522/260 532/532/270
f 532/532/270 522/522/260 533/533/271
f 533/533/271 522/522/260 534/534/272
f 534/534/272 522/522/260 535/535/273
f 535/535/273 522/522/260 536/536/274
f 536/536/274 522/522/260 537/537/275
f 537/537/275 522/522/260 538/538/276
f 538/538/276 522/522/260 539/539/277
f 539/539/277 522/522/260 540/540/278
f 540/540/278 522/522/260 541/541/279
f 541/541/279 522/522/260 542/542/280
f 542/542/280 522/522/260 543/543/281
f 543/543/281 522/522/260 544/544/282
f 544/544/282 522/522/260 545/545/283
f 545/545/283 522/522/260 546/546/284
f 546/546/284 522/522/260 547/547/285
f 547/547/285 522/522/260 548/548/286
f 548/548/286 522/522/260 549/549/287
f 549/549/287 522/522/260 550/550/288
f 550/550/288 522/522/260 551/551/289
f 551/551/289 522/522/260 552/552/290
f 552/552/290 522/522/260 553/553/291
f 553/553/291 522/522/260 521/521/259
f 554/554/261 555/555/291 556/556/259
f 555/555/291 554/554/261 557/557/290
f 557/557/290 554/554/261 558/558/262
f 557/557/290 558/558/262 559/559/289
f 559/559/289 558/558/262 560/560/263
f 559/559/289 560/560/263 561/561/288
f 561/561/288 560/560/263 562/562/264
f 561/561/288 562/562/264 563/563/287
f 563/563/287 562/562/264 564/564/265
f 563/563/287 564/564/265 565/565/286
f 565/565/286 564/564/265 566/566/266
f 565/565/286 566/566/266 567/567/285
f 567/567/285 566/566/266 568/568/267
f 567/567/285 568/568/267 569/569/284
f 569/569/284 568/568/267 570/570/268
f 569/569/284 570/570/268 571/571/283
f 571/571/283 570/570/268 572/572/269
f 571/571/283 572/572/269 573/573/282
f 573/573/282 572/572/269 574/574/270
f 573/573/282 574/574/270 575/575/281
f 575/575/281 574/574/270 576/576/271
f 575/575/281 576/576/271 577/577/280
f 577/577/280 576/576/271 578/578/272
f 577/577/280 578/578/272 579/579/279
f 579/579/279 578/578/272 580/580/273
f 579/579/279 580/580/273 581/581/278
f 581/581/278 580/580/273 582/582/274
f 581/581/278 582/582/274 583/583/277
f 583/583/277 582/582/274 584/584/275
f 583/583/277 584/584/275 585/585/276
# Vertices: 65, normals: 33, texture coordinates: 65, faces: 62

o obj7
v 2.07404304 108.77221857 -70.87466893
v 2.07404304 110.49032219 -82.35472574
v 2.07404304 110.49032219 -70.87466893
v 2.07404304 108.77221857 -78.8208985
v 2.07404304 98.89312207 -73.88135047
v 2.07404304 97.17501831 -70.34752348
v 2.07404304 98.89312207 -82.35472574
v 2.07404304 97.17501831 -82.35472574
v -1.8307374 108.77221857 -70.87466893
v -1.8307374 110.49032219 -70.87466893
v -1.8307374 110.49032219 -82.35472574
v -1.83061841 108.77221857 -78.8208985
v -1.8307374 98.89312207 -73.88135047
v -1.83061841 97.17501831 -70.34752348
v -1.8307374 98.89312207 -82.35472574
v -1.8307374 97.17501831 -82.35472574
vn -0 1 -0
vn -0 -1 0
vn 1E-05 -1 0.0001
vn -5E-05 -1 -4E-05
vn -5E-05 -1 -4E-05
vn -0 -1 7E-05
vn -1E-05 -1 -0
vn -1 0 -0
vn 0 -0 -1
vn 0 0 1
vn 0.80744 0 0.58995
vn -0.80744 0 -0.58995
vn 1 -0 -0
usemtl mat0
f 586//292 587//292 588//292
f 586//292 589//292 587//292
f 589//292 590//292 587//292
f 591//292 590//292 589//292
f 591//292 592//292 590//292
f 591//292 593//292 592//292
f 594//293 595//293 596//293
f 594//294 596//294 597//294
f 597//295 596//295 598//295
f 599//296 597//296 598//296
f 599//297 598//297 600//297
f 599//298 600//298 601//298
f 586//299 588//299 595//299
f 586//299 595//299 594//299
f 588//300 587//300 596//300
f 588//300 596//300 595//300
f 589//301 586//301 594//301
f 589//301 594//301 597//301
f 587//302 590//302 598//302
f 587//302 598//302 596//302
f 591//303 589//303 597//303
f 591//303 597//303 599//303
f 590//300 592//300 600//300
f 590//300 600//300 598//300
f 593//301 591//301 599//301
f 593//301 599//301 601//301
f 592//304 593//304 601//304
f 592//304 601//304 600//304
# Vertices: 16, normals: 13, texture coordinates: 0, faces: 28

o obj8
v 2.07404304 2.04105016 -171.35181029
v 2.07404304 8.3082238 -168.71608289
v 2.07404304 8.3082238 -166.41226196
v 2.07404304 3.72010589 -172.28895787
v 2.07404304 8.3082238 -178.20470109
v 2.07404304 8.3082238 -175.90088031
v 2.07404304 2.02152593 -173.26515276
v 2.07404304 -5.00708008 -171.35181029
v 2.07404304 -5.00708008 -173.26515276
v -1.8307374 2.04105016 -171.35181029
v -1.83061841 8.3082238 -166.41226196
v -1.8307374 8.3082238 -168.71608289
v -1.8307374 3.72010589 -172.28895787
v -1.8307374 8.3082238 -175.90088031
v -1.8307374 8.3082238 -178.20470109
v -1.8307374 2.02152593 -173.26515276
v -1.8307374 -5.00708008 -171.35181029
v -1.8307374 -5.00708008 -173.26515276
vn -0 1 -0
vn -5E-05 -1 2E-05
vn -0 -1 0
vn -0.78538 0 0.61901
vn 0 -0 -1
vn 0.78899 0 -0.61441
vn -0.78574 0 -0.61856
vn 0.78632 0 0.61782
vn -1 0 -0
vn 0 0 1
vn 1 -0 -0
usemtl mat1
f 602//305 603//305 604//305
f 602//305 605//305 603//305
f 605//305 606//305 607//305
f 605//305 608//305 606//305
f 602//305 608//305 605//305
f 609//305 608//305 602//305
f 609//305 610//305 608//305
f 611//306 612//306 613//306
f 611//307 613//307 614//307
f 614//307 615//307 616//307
f 614//307 616//307 617//307
f 611//307 614//307 617//307
f 618//307 611//307 617//307
f 618//307 617//307 619//307
f 602//308 604//308 612//308
f 602//308 612//308 611//308
f 604//309 603//309 613//309
f 604//309 613//309 612//309
f 603//310 605//310 614//310
f 603//310 614//310 613//310
f 605//311 607//311 615//311
f 605//311 615//311 614//311
f 607//309 606//309 616//309
f 607//309 616//309 615//309
f 606//312 608//312 617//312
f 606//312 617//312 616//312
f 609//313 602//313 611//313
f 609//313 611//313 618//313
f 610//314 609//314 618//314
f 610//314 618//314 619//314
f 608//315 610//315 619//315
f 608//315 619//315 617//315
# Vertices: 18, normals: 11, texture coordinates: 0, faces: 32

o obj9
v 95.71315002 1.88485861 -75.42255429
v 95.71315002 8.3082238 -72.41587297
v 95.71315002 8.3082238 -70.09252824
v 95.71315002 3.23200815 -76.59398862
v 95.71315002 8.3082238 -83.0564017
v 95.71315002 8.3082238 -80.75258034
v 95.71315002 1.88485861 -77.7458993
v 95.71315002 -5.00708008 -69.68252621
v 95.71315002 0.49866118 -76.59398862
v 95.71315002 -5.00708008 -83.42735577
v 95.71315002 -5.00708008 -72.00587101
v 95.71315002 -5.00708008 -81.12353441
v 91.80848858 1.88485861 -75.42255429
v 91.80836959 8.3082238 -70.09252824
v 91.80836959 8.3082238 -72.41587297
v 91.80836959 3.23200815 -76.59398862
v 91.80836959 8.3082238 -80.75258034
v 91.80848858 8.3082238 -83.0564017
v 91.80836959 1.88485861 -77.7458993
v 91.80836959 -5.00708008 -69.68252621
v 91.80836959 0.49866118 -76.59398862
v 91.80836959 -5.00708008 -83.42735577
v 91.80836959 -5.00708008 -72.00587101
v 91.80836959 -5.00708008 -81.12353441
vn -0 1 -0
vn -0 -1 2E-05
vn -5E-05 -1 4E-05
vn 5E-05 -1 4E-05
vn 1E-05 -1 -1E-05
vn -5E-05 -1 4E-05
vn -5E-05 -1 -6E-05
vn -0 -1 -0
vn -0.76956 0 0.63857
vn 0 -0 -1
vn 0.7721 0 -0.6355
vn -0.77356 0 -0.63372
vn 0.77071 0 0.63718
vn -0.7684 0 -0.63997
vn 0.77161 0 -0.63609
vn 0 0 1
vn 0.76822 0 0.64018
vn -0.77225 0 0.63532
usemtl mat2
f 620//316 621//316 622//316
f 620//316 623//316 621//316
f 623//316 624//316 625//316
f 623//316 626//316 624//316
f 620//316 626//316 623//316
f 627//316 626//316 620//316
f 627//316 628//316 626//316
f 628//316 629//316 626//316
f 627//316 630//316 628//316
f 631//316 629//316 628//316
f 632//317 633//317 634//317
f 632//318 634//318 635//318
f 635//319 636//319 637//319
f 635//320 637//320 638//320
f 632//321 635//321 638//321
f 639//322 632//322 638//322
f 639//323 638//323 640//323
f 640//323 638//323 641//323
f 639//323 640//323 642//323
f 643//323 640//323 641//323
f 620//324 622//324 633//324
f 620//324 633//324 632//324
f 622//325 621//325 634//325
f 622//325 634//325 633//325
f 621//326 623//326 635//326
f 621//326 635//326 634//326
f 623//327 625//327 636//327
f 623//327 636//327 635//327
f 625//325 624//325 637//325
f 625//325 637//325 636//325
f 624//328 626//328 638//328
f 624//328 638//328 637//328
f 627//329 620//329 632//329
f 627//329 632//329 639//329
f 626//330 629//330 641//330
f 626//330 641//330 638//330
f 630//331 627//331 639//331
f 630//331 639//331 642//331
f 628//332 630//332 642//332
f 628//332 642//332 640//332
f 631//333 628//333 640//333
f 631//333 640//333 643//333
f 629//331 631//331 643//331
f 629//331 643//331 641//331
# Vertices: 24, normals: 18, texture coordinates: 0, faces: 44

o obj10
v 103.60865021 18.75765371 139.11931583
v 103.60865021 25.1810189 142.12599715
v 103.60865021 25.1810189 144.44934188
v 103.60865021 20.10480326 137.94788149
v 103.60865021 25.1810189 131.48546842
v 103.60865021 25.1810189 133.78928978
v 103.60865021 18.75765371 136.79597081
v 103.60865021 11.86571503 144.85934391
v 103.60865021 17.37145628 137.94788149
v 103.60865021 11.86571503 131.11451435
v 103.60865021 11.86571503 142.53599911
v 103.60865021 11.86571503 133.41833571
v 99.70398876 18.75765371 139.11931583
v 99.70386977 25.1810189 144.44934188
v 99.70386977 25.1810189 142.12599715
v 99.70386977 20.10480326 137.94788149
v 99.70386977 25.1810189 133.78928978
v 99.70398876 25.1810189 131.48546842
v 99.70386977 18.75765371 136.79597081
v 99.70386977 11.86571503 144.85934391
v 99.70386977 17.37145628 137.94788149
v 99.70386977 11.86571503 131.11451435
v 99.70386977 11.86571503 142.53599911
v 99.70386977 11.86571503 133.41833571
vn -0 1 -0
vn -0 -1 2E-05
vn -5E-05 -1 4E-05
vn 5E-05 -1 4E-05
vn 1E-05 -1 -1E-05
vn -5E-05 -1 4E-05
vn -5E-05 -1 -6E-05
vn -0 -1 -0
vn -0.76956 0 0.63857
vn 0 -0 -1
vn 0.7721 0 -0.6355
vn -0.77356 0 -0.63372
vn 0.77071 0 0.63718
vn -0.7684 0 -0.63997
vn 0.77161 0 -0.63609
vn 0 0 1
vn 0.76822 0 0.64018
vn -0.77225 0 0.63532
usemtl mat2
f 644//334 645//334 646//334
f 644//334 647//334 645//334
f 647//334 648//334 649//334
f 647//334 650//334 648//334
f 644//334 650//334 647//334
f 651//334 650//334 644//334
f 651//334 652//334 650//334
f 652//334 653//334 650//334
f 651//334 654//334 652//334
f 655//334 653//334 652//334
f 656//335 657//335 658//335
f 656//336 658//336 659//336
f 659//337 660//337 661//337
f 659//338 661//338 662//338
f 656//339 659//339 662//339
f 663//340 656//340 662//340
f 663//341 662//341 664//341
f 664//341 662//341 665//341
f 663//341 664//341 666//341
f 667//341 664//341 665//341
f 644//342 646//342 657//342
f 644//342 657//342 656//342
f 646//343 645//343 658//343
f 646//343 658//343 657//343
f 645//344 647//344 659//344
f 645//344 659//344 658//344
f 647//345 649//345 660//345
f 647//345 660//345 659//345
f 649//343 648//343 661//343
f 649//343 661//343 660//343
f 648//346 650//346 662//346
f 648//346 662//346 661//346
f 651//347 644//347 656//347
f 651//347 656//347 663//347
f 650//348 653//348 665//348
f 650//348 665//348 662//348
f 654//349 651//349 663//349
f 654//349 663//349 666//349
f 652//350 654//350 666//350
f 652//350 666//350 664//350
f 655//351 652//351 664//351
f 655//351 664//351 667//351
f 653//349 655//349 667//349
f 653//349 667//349 665//349
# Vertices: 24, normals: 18, texture coordinates: 0, faces: 44

o obj11
v 33.60762787 -0.82684687 38.73534792
v 33.60762787 5.44032676 41.37107531
v 33.60762787 5.44032676 43.67489624
v 33.60762787 0.85220886 37.79820033
v 33.60762787 5.44032676 31.88245712
v 33.60762787 5.44032676 34.1862779
v 33.60762787 -0.8463711 36.82200544
v 33.60762787 -7.87497711 38.73534792
v 33.60762787 -7.87497711 36.82200544
v 29.70284743 -0.82684687 38.73534792
v 29.70296642 5.44032676 43.67489624
v 29.70284743 5.44032676 41.37107531
v 29.70284743 0.85220886 37.79820033
v 29.70284743 5.44032676 34.1862779
v 29.70284743 5.44032676 31.88245712
v 29.70284743 -0.8463711 36.82200544
v 29.70284743 -7.87497711 38.73534792
v 29.70284743 -7.87497711 36.82200544
vn -0 1 -0
vn -5E-05 -1 2E-05
vn -0 -1 0
vn -0.78538 0 0.61901
vn 0 -0 -1
vn 0.78899 0 -0.61441
vn -0.78574 0 -0.61856
vn 0.78632 0 0.61782
vn -1 0 -0
vn 0 0 1
vn 1 -0 -0
usemtl mat1
f 668//352 669//352 670//352
f 668//352 671//352 669//352
f 671//352 672//352 673//352
f 671//352 674//352 672//352
f 668//352 674//352 671//352
f 675//352 674//352 668//352
f 675//352 676//352 674//352
f 677//353 678//353 679//353
f 677//354 679//354 680//354
f 680//354 681//354 682//354
f 680//354 682//354 683//354
f 677//354 680//354 683//354
f 684//354 677//354 683//354
f 684//354 683//354 685//354
f 668//355 670//355 678//355
f 668//355 678//355 677//355
f 670//356 669//356 679//356
f 670//356 679//356 678//356
f 669//357 671//357 680//357
f 669//357 680//357 679//357
f 671//358 673//358 681//358
f 671//358 681//358 680//358
f 673//356 672//356 682//356
f 673//356 682//356 681//356
f 672//359 674//359 683//359
f 672//359 683//359 682//359
f 675//360 668//360 677//360
f 675//360 677//360 684//360
f 676//361 675//361 684//361
f 676//361 684//361 685//361
f 674//362 676//362 685//362
f 674//362 685//362 683//362
# Vertices: 18, normals: 11, texture coordinates: 0, faces: 32

o obj12
v 2.07404304 96.72704493 127.01032558
v 2.07404304 98.44514854 115.53026877
v 2.07404304 98.44514854 127.01032558
v 2.07404304 96.72704493 119.06409601
v 2.07404304 86.84794842 124.00364404
v 2.07404304 85.12984467 127.53747102
v 2.07404304 86.84794842 115.53026877
v 2.07404304 85.12984467 115.53026877
v -1.8307374 96.72704493 127.01032558
v -1.8307374 98.44514854 127.01032558
v -1.8307374 98.44514854 115.53026877
v -1.83061841 96.72704493 119.06409601
v -1.8307374 86.84794842 124.00364404
v -1.83061841 85.12984467 127.53747102
v -1.8307374 86.84794842 115.53026877
v -1.8307374 85.12984467 115.53026877
vn -0 1 -0
vn -0 -1 0
vn 1E-05 -1 0.0001
vn -5E-05 -1 -4E-05
vn -5E-05 -1 -4E-05
vn -0 -1 7E-05
vn -1E-05 -1 -0
vn -1 0 -0
vn 0 -0 -1
vn 0 0 1
vn 0.80744 0 0.58995
vn -0.80744 0 -0.58995
vn 1 -0 -0
usemtl mat0
f 686//363 687//363 688//363
f 686//363 689//363 687//363
f 689//363 690//363 687//363
f 691//363 690//363 689//363
f 691//363 692//363 690//363
f 691//363 693//363 692//363
f 694//364 695//364 696//364
f 694//365 696//365 697//365
f 697//366 696//366 698//366
f 699//367 697//367 698//367
f 699//368 698//368 700//368
f 699//369 700//369 701//369
f 686//370 688//370 695//370
f 686//370 695//370 694//370
f 688//371 687//371 696//371
f 688//371 696//371 695//371
f 689//372 686//372 694//372
f 689//372 694//372 697//372
f 687//373 690//373 698//373
f 687//373 698//373 696//373
f 691//374 689//374 697//374
f 691//374 697//374 699//374
f 690//371 692//371 700//371
f 690//371 700//371 698//371
f 693//372 691//372 699//372
f 693//372 699//372 701//372
f 692//375 693//375 701//375
f 692//375 701//375 700//375
# Vertices: 16, normals: 13, texture coordinates: 0, faces: 28

o obj13
v -54.11179738 -10.48739155 148.97837314
v -77.1626063 -1.21086531 147.53529922
v -76.77293051 -13.54581213 151.2634978
v -54.98139943 0.98591963 144.78912487
v -55.34914913 7.86123853 138.02604343
v -77.30580914 5.79974535 139.99019111
v -53.76335674 -20.88083816 148.66306493
v -75.93977783 -24.20280793 149.7949846
v -57.28162763 9.32550356 130.27377501
v -77.87720622 5.94731029 131.1977255
v -77.73042396 1.6636944 123.56320794
v -57.75653679 2.46925744 123.45251601
v -77.07828359 -8.20066425 120.32428777
v -57.13640016 -6.48057569 120.75225929
v -56.43035177 -16.31644829 122.55528575
v -76.29233068 -18.36822979 122.82016265
v -76.31939874 -32.87291078 142.90478711
v -52.93252435 -28.25120199 144.95059894
v -54.84624353 -32.70782158 140.79200555
v -76.57791546 -35.62912204 136.67678576
v -54.42110729 -33.4327995 135.28345541
v -54.7865005 -29.52436659 129.9991848
v -76.12958759 -32.32724391 129.54692408
v -55.62069421 -24.79210287 126.0656801
v -75.81005554 -26.43736902 125.77003129
v -56.43035177 -16.31644829 122.55528575
v -76.29233068 -18.36822979 122.82016265
v -57.13640016 -6.48056123 120.75225929
v -46.76442889 -14.60294137 122.96162599
v -56.43035177 -16.31643383 122.55528575
v -48.35804477 -4.94141934 120.57598227
v -57.75647896 2.46925744 123.45251601
v -49.74872219 4.8471204 122.35274946
v -42.19775132 -2.76716281 118.47453413
v -43.9893684 7.9666651 118.89012595
v -40.02073023 -12.98485708 121.86879953
v -48.81514794 11.39238403 129.05429266
v -57.28154811 9.32547374 130.27377501
v -42.83530308 14.48450069 128.27168576
v -47.05221641 9.42035302 137.4408822
v -40.13557316 11.88461989 138.07635862
v -44.47495671 2.54518619 143.15520512
v -54.98128377 0.98596301 144.78935621
v -42.99336504 -9.10395254 147.48730191
v -54.11179738 -10.48739155 148.978487
v -42.54020193 -19.32771498 147.6339697
v -53.76341457 -20.88053634 148.66341193
v -34.07309341 -18.89584718 146.72655851
v -35.05187147 -8.53135996 147.59753339
v -36.90509562 4.50241908 143.74071418
v -43.60572407 -26.05136537 143.59995147
v -34.25093247 -27.16662286 143.07505298
v -55.3490913 7.86122316 138.02627431
v -44.40439406 -29.90439457 143.62354722
v -49.83181791 -30.39634272 144.16949672
v -49.37476494 -33.8116803 141.00934524
v -44.06734619 -33.8102564 140.79166018
v -44.24339901 -32.55801026 134.96861024
v -36.04140769 -32.16353021 134.43734976
v -34.92972729 -30.57346591 138.88499705
v -44.56733265 -28.54483684 129.89207801
v -37.33236513 -27.68698175 128.49897837
v -38.520581 -22.64211039 125.27948778
v -45.13844056 -23.20848515 126.19106403
v -55.62063638 -24.79211732 126.06568011
v -46.76442889 -14.60294137 122.96162599
v -56.43035177 -16.31643383 122.55528575
v -40.02073023 -12.98485708 121.86879953
v 73.25594581 15.23622447 130.93087183
v 73.73575606 12.96856789 134.6017845
v 59.7633758 9.93853449 134.58979654
v 59.58206376 13.22394956 130.04990946
v 59.05328277 18.15829035 128.98032862
v 72.4137781 19.78044675 130.08719713
v 58.49036515 22.4293452 132.0095003
v 71.95300211 23.77593641 133.19627771
v 72.19732787 24.90997254 137.83178756
v 58.16828508 23.91054096 137.90510343
v 58.40148483 21.53652424 143.59667029
v 72.51677229 22.61077479 142.25240121
v 73.1189155 17.88714336 141.76031706
v 59.07639372 15.89829358 142.9714123
v 73.62300165 13.35501412 139.99705872
v 59.58397157 10.53177156 140.52545644
v 56.43784039 15.55048154 142.87335146
v 56.9301212 10.08905703 140.55048572
v 53.8055548 15.16053941 142.83137943
v 54.27181764 9.61788558 140.60137573
v 52.99307749 20.91912033 143.32895583
v 55.69132971 21.24620438 143.42878693
v 76.66724073 13.60269423 140.07491031
v 76.2307767 18.03669403 141.928533
v 79.68964039 14.30496578 139.64686289
v 79.30527006 18.14262721 142.04582272
v 75.87462217 22.57937993 142.17861908
v 78.94824803 22.62426782 141.95845156
v 59.7633758 9.93853449 134.58979654
v 73.73575606 12.96856789 134.6017845
v 36.20434676 19.12516165 142.71243109
v 37.35524006 12.93015533 143.16087401
v 32.13620614 18.66041533 142.07706842
v 34.69546531 12.59006396 144.12681327
v 37.81698456 6.89077721 141.82132945
v 32.06259044 6.38979378 140.01389066
v 37.04883758 21.44097948 137.08821306
v 33.08352174 20.6987558 136.72547964
v 52.6834251 23.09729026 137.77185292
v 34.94753033 5.68422359 133.6549136
v 39.58464485 5.96834947 135.53460275
v 54.40141252 8.74609042 134.7235512
v 35.06745317 19.26691755 130.11288422
v 38.19012928 19.55316368 130.50904556
v 52.91900392 21.11728023 131.59111612
v 38.61474097 13.82048626 127.92700105
v 36.16201475 13.36352748 127.70006133
v 53.56639135 16.6224268 128.67004909
v 54.17711915 11.67848557 129.97801795
v 39.28734722 8.50619385 129.9391533
v 39.58464485 5.96834947 135.53460275
v 54.40141252 8.74609042 134.7235512
v 34.94753033 5.68422359 133.6549136
v 35.79137406 8.03988777 129.43287107
v 21.4729152 -5.34302838 77.06977412
v 23.62505116 -9.2591701 93.26250646
v 18.76618584 -6.3823535 92.77172135
v 25.57120877 -7.69199895 77.34236321
v 20.12803829 -0.83498194 77.52932768
v 17.15315189 -1.4787248 92.85492892
v 22.57737601 3.26331084 77.75119922
v 19.7287877 3.12583895 93.4249596
v 27.2644536 4.81124717 78.43267969
v 25.47431171 5.20725184 94.1948534
v 31.42806237 3.37490193 94.64335111
v 31.97773153 3.05517825 78.85933424
v 32.13592651 -1.80031889 78.57003962
v 31.47011083 -2.38633707 94.359399
v 30.98251323 -6.6277634 78.16050855
v 29.62251706 -8.09726691 93.96804227
v 23.62505116 -9.2591701 93.26250646
v 25.57120877 -7.69199895 77.34236321
v 31.5083199 -6.52487312 74.82414438
v 32.73812796 -1.7804293 75.19193757
v 31.4578475 -6.02796776 71.41140343
v 33.32090449 -1.7877645 71.80854012
v 32.56959339 3.04029372 75.4060953
v 32.50328897 2.70799636 71.85730779
v 31.03704243 -2.52381934 97.28766652
v 29.20137144 -8.27057788 96.94476003
v 30.64638063 -2.67910922 100.21820403
v 28.81111267 -8.45576827 99.92469479
v 30.6630009 3.18693786 100.57146988
v 31.0254344 3.28800092 97.60721169
v 27.43167152 -10.04638063 119.16778301
v 29.66461162 -4.0583321 120.1411976
v 29.94899809 -4.22428975 123.95903685
v 28.08525401 -10.23287486 127.51137918
v 28.84590638 1.82936728 120.02821672
v 29.61087837 1.25269056 130.51186154
v 21.49687949 -11.03840314 115.76574842
v 22.89936904 -9.74351772 99.34569202
v 20.34072645 -10.9405957 118.31062869
v 30.05388342 4.32147419 128.91517106
v 21.10745303 4.76952521 116.98147684
v 24.76186269 5.00506968 100.27406647
v 18.89788128 1.06409441 120.03045373
v 16.04380708 1.29921303 116.03887902
v 18.61971653 2.63980647 99.64836308
v 12.54626307 -2.49576585 117.75312783
v 12.92640811 -2.45225248 115.73205322
v 15.32127482 -7.77693279 118.42268451
v 15.40323083 -7.76066758 115.630151
v 20.34072645 -10.9405957 118.31062869
v 21.49687949 -11.03840314 115.76574842
v 17.76075637 -7.02854798 98.95479666
v 22.89936904 -9.74351772 99.34569202
v 16.06109106 -2.09457824 99.093521
v -20.77251218 -21.24490579 112.5435779
v -2.52636535 -24.99932907 109.59793281
v -7.83603984 -21.30133122 117.58768135
v -17.73705675 -24.02778302 112.38388679
v -7.84866904 -16.57646358 117.7633146
v -20.27534401 -16.67891109 112.54313814
v -19.26482882 -13.52125105 109.50758862
v -6.80042814 -13.08788872 114.60005727
v -0.34590156 -12.60588785 105.99119428
v -16.82584169 -13.40634892 108.4593863
v -0.29436086 -15.6341008 103.37568487
v -15.22098366 -16.04181548 104.67998166
v -1.24253488 -20.7587896 104.76623305
v -15.76080427 -20.34321545 105.57627888
v -1.14365395 -25.38300689 106.49844677
v -16.09277398 -24.31662769 107.3417975
v -17.73705675 -24.02778302 112.38388679
v -2.52636535 -24.99932907 109.59793281
v 6.68667632 -20.80829183 102.74095688
v 7.66657214 -15.6508222 101.84977063
v 13.07484543 -20.86073285 102.19398366
v 14.39069935 -15.67040288 101.67605647
v 4.8828012 -25.44122566 104.57443379
v 9.89062663 -25.50095726 103.86440727
v -19.9018028 -16.14581188 109.98391858
v -20.19408046 -20.43376554 111.06985992
v -24.14397467 -16.28944097 117.41468459
v -23.83355219 -20.47229797 117.67719619
v -20.05189647 -24.33750803 113.00833401
v -23.1279734 -23.87165795 120.24352612
v 20.65474184 -15.55808686 118.18955075
v 20.84428986 -20.80557839 118.97243976
v 25.9019731 -15.96106698 129.14452235
v 23.69069739 -20.94385622 124.81909355
v 18.04447406 -25.93583162 119.13610259
v 24.09851164 -25.87767066 129.51696528
v 16.92841334 -11.88143333 119.17583063
v 15.02882382 -11.7309305 116.81140231
v 9.30624967 -12.60126777 104.32366334
v 13.46932646 -25.92095199 120.32414861
v 11.18748291 -25.83574793 117.58842217
v 5.04264277 -25.18051863 106.76945785
v 9.22800349 -12.29394917 117.99589518
v 10.88912634 -12.30045316 120.29760909
v 7.35812307 -13.14072086 102.99894142
v 6.02155846 -15.7116513 120.74246742
v 5.7808436 -15.82564134 118.70820309
v 4.003743 -16.66775652 103.68014019
v 4.12273932 -21.45119712 103.6492034
v 6.47023261 -21.04607019 118.56907389
v 11.18748291 -25.83574793 117.58842217
v 5.04264277 -25.18051863 106.76945785
v 13.46932646 -25.92095199 120.32414861
v 8.16234713 -21.00677257 120.95531453
v -19.05897129 -36.43700609 119.15295332
v -2.99178712 -39.3931387 113.14332816
v -6.72285296 -35.79224744 121.35449603
v -16.29552608 -39.46609592 118.06361175
v -18.98137262 -32.64313349 118.70230498
v -6.89344786 -31.63691389 121.06270791
v -6.64964209 -28.94785899 117.75664737
v -18.79013053 -30.13845987 115.77647337
v -1.62529021 -29.18208471 108.49152492
v -16.54282251 -30.36096782 113.54463283
v -2.46098816 -32.08055862 107.34990685
v -15.38828348 -33.09933962 109.997653
v -1.83179688 -36.70182266 107.9941231
v -15.28787349 -37.2160186 110.78657645
v -2.87773527 -40.36478523 110.98514973
v -15.71278929 -40.19838273 113.61408711
v -16.29552608 -39.46609592 118.06361175
v -2.99178712 -39.3931387 113.14332816
v -18.95920043 -33.26733992 114.98175668
v -18.67449955 -37.39619293 115.90118923
v -21.6264505 -33.49759493 121.73243037
v -21.2471769 -37.13330667 121.95656017
v -18.29760445 -40.3510571 118.26894328
v -20.15150211 -40.01994147 124.12599147
v 4.44052409 -36.79988336 105.17934202
v 5.02563941 -32.02462613 104.17309554
v 9.65914278 -36.7159956 103.86793662
v 11.29351436 -31.71885922 102.77767942
v 2.92780224 -40.22519246 107.41114695
v 7.51191233 -40.04058345 105.20537684
v 12.88335234 -40.46285496 117.72429379
v 17.0751003 -36.01223321 116.49640511
v 13.56048796 -40.2466475 120.52698617
v 18.41116122 -36.02842718 119.80421576
v 17.36824912 -30.80956466 115.595763
v 21.4165721 -30.13239092 126.48269614
v 7.62953116 -38.46036456 117.65590663
v 3.11540775 -39.03582699 108.36064329
v 8.0419255 -38.34697102 120.29745429
v 15.71705716 -27.19139896 121.32163386
v 12.78355745 -26.6074054 115.24770239
v 7.34047198 -28.85085636 105.00353372
v 7.49755165 -26.20509554 115.91956761
v 7.79412669 -25.81020157 118.17503336
v 5.73191641 -28.42985879 102.87700453
v 3.93254828 -28.94333754 116.71702115
v 4.23468621 -28.46697571 119.13679258
v 4.25296144 -34.45868791 117.4838523
v 1.89955817 -35.14504253 104.27371929
v 3.11540775 -39.03582699 108.36064329
v 7.62953116 -38.46036456 117.65590663
v 4.61047156 -34.38660569 119.80653989
v 8.0419255 -38.34697102 120.29745429
v 2.32522574 -30.97519091 103.79960849
v 2.61841381 57.460775 128.26740363
v 0.28526279 57.73609333 123.64509809
v 0.59551189 55.62254433 123.62925195
v 2.40153345 55.1562264 128.59023194
v 2.43552913 59.45950237 127.76933952
v 0.0644536 59.84458549 123.60900954
v 0.47423836 55.43629502 118.63148941
v 0.09325857 57.80301847 118.91360393
v -0.00695278 59.65532516 118.95755552
v 4.64160219 59.32039919 116.10912959
v 7.93977775 58.25997933 128.46970628
v 4.0687079 53.99864928 115.99669784
v 4.93848502 76.1460334 124.64168801
v 5.97702009 73.13795502 126.27653392
v 8.15813726 72.95447012 126.06520953
v 7.40354794 76.42625957 124.0529414
v 4.1628947 77.05859979 122.27779101
v 6.60431808 77.58448207 121.56458522
v 5.96779617 76.59285767 119.09681905
v 3.83939081 76.32568746 119.65711238
v 3.79473226 73.56114754 117.77705309
v 5.69526535 73.16355496 116.84824316
v -4.38568869 42.68701427 118.08391908
v -0.44255746 40.65937397 114.56392417
v -3.11379435 38.96531093 118.17402283
v -4.84203359 42.65403003 125.15270833
v -5.36131951 39.65307989 125.68963817
v -1.58408469 41.90897845 131.46630562
v -1.84593453 37.81751863 132.10455901
v 4.47187986 40.39123585 133.21566153
v 5.6921538 33.84064509 133.14579896
v 12.73914734 33.89442005 127.24467343
v 10.41760648 40.61062853 128.28359886
v 11.89988969 39.3541296 121.69506178
v 16.3786622 28.99726096 120.23892516
v 8.60493046 31.89925884 113.38481127
v 7.3235949 40.51724694 115.7679095
v -0.44255746 40.65937397 114.56392417
v 0.93106633 33.07718823 113.36375921
v 0.93106633 33.07718823 113.36375921
v 7.90734719 53.59780519 129.02838096
v 12.38960476 52.25161632 125.89945919
v 11.33196656 58.19103084 125.72063637
v 12.62922835 51.8074899 120.88631384
v 11.94916875 58.70460242 120.87266411
v 8.75571153 58.36228874 116.9578963
v 9.55475331 52.67692707 117.10907273
v 4.64160219 59.32039919 116.10912959
v 4.0687079 53.99864928 115.99669784
v 9.49528672 71.43895212 117.69608642
v 5.69526535 73.16355496 116.84824316
v 8.7745517 75.04842167 118.48979633
v 11.87042154 71.17324165 120.53942615
v 9.46942785 75.70212345 120.9741039
v 5.96779617 76.59285767 119.09681905
v 6.60431808 77.58448207 121.56458522
v 9.91470425 74.72845568 123.5847197
v 11.20046786 71.62263841 123.98770487
v 8.15813726 72.95447012 126.06520953
v 7.40354794 76.42625957 124.0529414
v 15.14378268 28.09716995 126.71769273
v 3.61198865 27.87364199 135.10590111
v 15.83279173 23.15447577 134.70927852
v 18.7627102 23.91540081 126.65928139
v 25.26576722 20.94620895 135.42248472
v 26.91392502 21.64384214 128.17730385
v 33.08352174 20.6987558 136.72547964
v 35.06745317 19.26691755 130.11288422
v 32.13620614 18.66041533 142.07706842
v 23.40781019 18.82433838 141.79217886
v 11.0394764 16.89298792 142.92317624
v 27.26851157 14.3722882 144.74609646
v 34.69546531 12.59006396 144.12681327
v 28.78896098 11.66868928 145.3519624
v 32.06259044 6.38979378 140.01389066
v 27.48462706 9.05900285 143.98823103
v 22.84451982 14.98401769 145.07771669
v 23.45836709 11.35456177 146.47983693
v 23.93654193 7.92631795 145.354895
v 25.17884714 4.1244455 143.90342921
v 29.61087837 1.25269056 130.51186154
v 34.94753033 5.68422359 133.6549136
v 30.05388342 4.32147419 128.91517106
v 19.85156838 13.69340885 145.00646462
v 19.12315378 10.98248412 145.78872429
v 21.15415967 8.10064346 145.57982927
v 10.66589143 10.16282474 146.62361111
v 19.31197337 2.93775617 145.45335558
v 30.10261476 -1.85028161 138.25932673
v 29.94899809 -4.22428975 123.95903685
v 31.09018579 -4.65736338 137.18175059
v 29.65190154 -7.21535506 137.86934087
v 28.08525401 -10.23287486 127.51137918
v 27.59965037 -4.67773488 145.37264191
v 26.68154145 -0.77135409 144.80121765
v 27.22736707 -8.15656585 144.67152196
v 27.87452129 -13.02604383 142.41413208
v 25.9019731 -15.96106698 129.14452235
v 16.92841334 -11.88143333 119.17583063
v 20.34072645 -10.9405957 118.31062869
v 22.90390325 -1.82123966 146.81794925
v 21.91123534 -4.75638967 147.49082001
v 24.12917985 -7.68583627 146.89764321
v 14.28281215 -5.05652644 148.31189629
v 22.23530103 -12.50729973 146.71315227
v 27.24623713 -18.86163288 134.06759714
v 23.69069739 -20.94385622 124.81909355
v 27.15435907 -21.82043828 132.97696443
v 25.90448999 -23.8311029 134.01204887
v 24.09851164 -25.87767066 129.51696528
v 26.66786475 -21.67533601 139.1965532
v 26.77560383 -17.71497097 139.46258975
v 25.66884784 -24.66644884 138.80098784
v 25.66721559 -28.92189264 139.28764951
v 21.4165721 -30.13239092 126.48269614
v 13.46932646 -25.92095199 120.32414861
v 15.71705716 -27.19139896 121.32163386
v 24.67072751 -18.15493461 144.69369518
v 23.23573077 -20.62255446 145.07384844
v 24.10046109 -23.75471833 143.46811101
v 15.9213991 -20.07531873 147.24768142
v 20.60650468 -27.93421526 143.01670267
v 23.13921166 -34.59051192 130.92484238
v 18.41116122 -36.02842718 119.80421576
v 22.36023061 -37.09060699 129.23467382
v 13.56048796 -40.2466475 120.52698617
v 20.96646397 -38.42479913 129.66374525
v 22.71273795 -37.13521199 134.42708177
v 23.38378499 -33.66893174 135.90077439
v 21.30620635 -39.26150226 133.39941097
v 19.16085212 -41.25027094 131.59284777
v 15.03589182 -40.17605539 129.01090194
v 8.0419255 -38.34697102 120.29745429
v 4.61047156 -34.38660569 119.80653989
v 14.5994516 -34.15962412 126.61299576
v 13.10896851 -38.81334035 129.86517894
v 13.38717849 -31.69675891 124.46531995
v 13.25672978 -39.75630607 135.95332792
v 21.76037856 -33.89174725 137.53946663
v 20.7174279 -35.97177427 137.39413018
v 20.71895323 -38.46293765 135.51780384
v 14.65674237 -34.66145677 141.03588273
v 1.17807688 -38.43807082 128.89542052
v -0.88810571 -31.26949089 120.63045148
v 1.52952506 -37.86643577 136.23361878
v -10.31533519 -35.57120141 136.2083368
v -11.74427338 -36.40166061 129.51546923
v -27.90697369 -32.35834412 137.96694466
v -28.51156756 -33.47022248 131.83830146
v -10.18792745 -30.85085637 141.68473042
v -26.85035083 -27.58852396 141.94498189
v -26.31452082 -19.17665032 146.49672762
v -10.90790324 -19.73589092 146.68781125
v -27.16236324 -7.98661437 147.98871944
v -12.15728175 -6.37353516 148.48609031
v -14.50110969 7.81548517 145.88646286
v -29.19601419 6.29816526 144.06527647
v -35.05187147 -8.53135996 147.59753339
v -34.07309341 -18.89584718 146.72655851
v -36.90509562 4.50241908 143.74071418
v -34.25093247 -27.16662286 143.07505298
v -36.04140769 -32.16353021 134.43734976
v -34.92972729 -30.57346591 138.88499705
v -29.86892533 -28.63460223 125.30898517
v -37.33236513 -27.68698175 128.49897837
v -38.520581 -22.64211039 125.27948778
v -31.45559406 -21.93811818 122.39717036
v -40.02073023 -12.98485708 121.86879953
v -32.58635905 -11.44441628 119.52826771
v -14.996886 -19.7902 118.26473329
v -18.16890085 -8.21265122 117.12273
v -13.90993372 -30.02237051 121.68974991
v -0.62458531 -17.62417306 118.1207711
v -1.32534887 -4.14564741 114.94054536
v 15.55442738 -15.81851975 122.19998607
v 17.2192741 -5.17798543 120.03006862
v 20.37960818 -14.78981712 126.23321547
v 22.45239624 -3.06098779 123.99576163
v 20.4382661 12.50192491 119.24175802
v 27.42966461 12.11602294 122.59265697
v 18.7627102 23.91540081 126.65928139
v 26.91392502 21.64384214 128.17730385
v 35.79137406 8.03988777 129.43287107
v 18.89788128 1.06409441 120.03045373
v 34.94753033 5.68422359 133.6549136
v 30.05388342 4.32147419 128.91517106
v 12.54626307 -2.49576585 117.75312783
v 15.32127482 -7.77693279 118.42268451
v 36.16201475 13.36352748 127.70006133
v 10.88912634 -12.30045316 120.29760909
v 20.34072645 -10.9405957 118.31062869
v 16.92841334 -11.88143333 119.17583063
v 6.02155846 -15.7116513 120.74246742
v 35.06745317 19.26691755 130.11288422
v 8.16234713 -21.00677257 120.95531453
v 7.79412669 -25.81020157 118.17503336
v 13.46932646 -25.92095199 120.32414861
v 15.71705716 -27.19139896 121.32163386
v 14.09456689 -26.97546454 126.06390575
v 4.23468621 -28.46697571 119.13679258
v 17.51837193 21.96990693 119.29658118
v 15.14378268 28.09716995 126.71769273
v 18.7627102 23.91540081 126.65928139
v 20.4382661 12.50192491 119.24175802
v 12.57133807 3.22049129 115.20345916
v 6.67260991 19.58229615 112.29499538
v -3.64203825 8.28394383 109.13310936
v -1.32534887 -4.14564741 114.94054536
v -18.16890085 -8.21265122 117.12273
v -22.88220614 14.10318631 108.22060478
v -33.98641933 3.5885353 114.03914568
v -34.89143742 17.70158784 114.20246626
v -25.73270901 24.59888439 112.54448958
v -24.96774964 28.14375179 126.54719666
v -15.06660945 32.22246597 125.92513589
v -10.87467827 26.4625913 135.46736103
v -4.96956905 29.37811725 133.69672276
v -7.95584718 34.2474494 126.04577811
v -3.64576115 33.22471997 131.33051189
v -4.95674728 35.57514957 126.00113134
v -5.03181911 36.06330255 126.37438941
v -3.60178145 36.12796862 120.51536757
v -2.69333592 36.73391091 120.33862849
v -5.71588398 37.57302021 126.22309607
v -3.76370149 37.73505646 121.49113753
v -5.36131951 39.65307989 125.68963817
v -3.11379435 38.96531093 118.17402283
v -3.631964 36.0693455 130.78837813
v -1.84593453 37.81751863 132.10455901
v -3.80756911 34.38642658 131.40291959
v -2.20434871 33.3613519 133.05291725
v -2.25181839 35.45459623 116.52518484
v -6.94747888 33.15276988 115.29043606
v -13.97553529 29.14979455 113.81012347
v -2.3476853 27.82145391 113.16435077
v -10.49802394 22.03446298 110.12044499
v 8.60493046 31.89925884 113.38481127
v 16.3786622 28.99726096 120.23892516
v 12.73914734 33.89442005 127.24467343
v 0.93106633 33.07718823 113.36375921
v 0.91378451 -5.93642112 148.4563644
v 2.09342268 -19.94965425 147.03967072
v 1.65567492 -32.81261591 141.89721253
v -0.74962559 9.22544237 146.29419047
v -3.41357074 19.15649357 141.4649549
v -16.08712784 13.41272218 142.8603678
v -31.56497805 18.41216614 137.69049049
v -20.68468338 22.47944719 137.61565365
v -34.69434759 22.55962509 126.45662923
v 5.6921538 33.84064509 133.14579896
v 12.73914734 33.89442005 127.24467343
v -35.77046138 15.29703257 137.65301532
v -40.13557316 11.88461989 138.07635862
v -38.28134949 19.1940062 126.90449498
v -39.22231175 13.19373319 116.02029898
v -42.19775132 -2.76716281 118.47453413
v -32.58635905 -11.44441628 119.52826771
v -40.02073023 -12.98485708 121.86879953
v -43.9893684 7.9666651 118.89012595
v -42.83530308 14.48450069 128.27168576
v 12.57133807 3.22049129 115.20345916
v 92.62697403 21.65070933 133.08646738
v 92.89047914 24.38819207 135.03452099
v 95.32142721 23.17970312 135.97144391
v 96.46469216 21.25506631 135.28901045
v 96.49573435 22.88021061 138.56503755
v 97.8264891 20.57986945 138.01922149
v 95.68208561 19.07743039 134.9598569
v 93.28201348 18.2481363 133.17782295
v 97.10456462 18.17188895 137.39254245
v 93.9257174 16.08574621 136.65000596
v 79.80780947 13.81152978 134.53339834
v 79.39157303 16.70934208 130.46975283
v 78.82103601 21.25518363 130.09230381
v 78.5732979 24.95997192 133.15196008
v 78.65939768 25.43040006 137.89153372
v 92.95343825 24.76820814 138.63741243
v 92.95343825 24.76820814 138.63741243
v 92.64055738 23.25929084 141.18146567
v 95.58785258 22.1341911 140.71706907
v 96.49573435 22.88021061 138.56503755
v 96.56576356 19.88344963 140.18051858
v 97.8264891 20.57986945 138.01922149
v 97.10456462 18.17188895 137.39254245
v 95.89634492 17.61746005 139.36763292
v 93.9257174 16.08574621 136.65000596
v 92.90184281 15.76883868 138.92084557
v 79.80780947 13.81152978 134.53339834
v 25.51688451 -0.20459917 56.51170685
v 26.93238952 3.01358738 55.98010586
v 28.59967907 1.45982598 53.60712942
v 28.3710766 -0.56407129 52.78102511
v 31.44992749 1.58514491 52.75387204
v 31.3999247 -0.8518444 51.77601926
v 28.03134647 -2.73565609 53.57591418
v 26.19378152 -3.81629359 56.24515161
v 30.85872342 -3.30125394 52.5460543
v 30.62544931 3.80965248 56.39447757
v 28.03449606 4.92312838 71.41062825
v 23.23151419 3.69031007 70.9332539
v 20.73590405 -0.49066936 70.5520576
v 21.86003309 -5.03405157 70.33563713
v 26.3838964 -7.28884713 70.65328957
v 32.88811741 3.03036632 57.50662811
v 33.46850458 1.18430609 54.24873738
v 33.39843348 -1.13221552 53.34035738
v 31.44992749 1.58514491 52.75387204
v 31.3999247 -0.8518444 51.77601926
v 30.85872342 -3.30125394 52.5460543
v 32.93545779 -3.52648736 54.06854247
v 29.54115435 -5.63825195 56.12886281
v 31.91085654 -5.3904635 57.14839246
v 30.62544931 3.80965248 56.39447757
v 26.3838964 -7.28884713 70.65328957
v -35.52372233 -16.70978902 133.07474235
v -35.89820332 -18.40937317 134.2382724
v -31.74365 -17.55532797 134.77546471
v -33.12302835 -15.0822479 132.89524391
v -37.63397503 -17.12230424 131.72510072
v -38.03970794 -19.29471543 132.61712768
v -34.97415728 -20.39986102 134.28810801
v -31.95436025 -21.23865665 134.34402878
v -33.78192156 -22.82186256 132.66563847
v -36.90657119 -21.3798537 133.04397037
v -19.72277258 -20.99529971 131.43266786
v -19.60378661 -16.75296073 131.31698126
v -21.03921302 -13.57971802 128.61299117
v -23.00897259 -13.48815769 119.21381282
v -22.01049515 -23.9037778 122.98956859
v -35.02808671 -16.20185803 128.1950407
v -37.52467637 -17.94012201 129.4009089
v -37.9132182 -20.1119404 130.23654546
v -37.63397503 -17.12230424 131.72510072
v -38.03970794 -19.29471543 132.61712768
v -36.90657119 -21.3798537 133.04397037
v -36.86557418 -21.89397918 130.61633504
v -33.78192156 -22.82186256 132.66563847
v -33.80228619 -23.39138739 130.5042911
v -34.74754964 -15.11029683 130.25003784
v -22.01049515 -23.9037778 122.98956859
v -34.74754964 -15.11029683 130.25003784
v -26.77689485 -34.40802656 137.49976122
v -30.53321923 -33.65226916 136.23698079
v -30.52560702 -35.43671894 137.42055151
v -28.25889921 -32.4227669 135.05251995
v -29.91448452 -32.73751953 133.21576394
v -32.45264947 -34.55387544 135.12237166
v -32.55144414 -36.41944065 136.17737659
v -29.53717753 -37.12806352 137.54109586
v -26.46351555 -37.84683598 137.17138978
v -28.17381171 -39.28595641 136.1149389
v -31.32935905 -38.22175741 136.56379087
v -18.85919238 -39.71476404 126.90018719
v -16.01372092 -36.93669904 133.46594819
v -16.17000922 -33.11991705 133.23517337
v -17.8977998 -30.45514873 130.83792814
v -20.79099837 -30.65912357 123.12178928
v -30.4490058 -33.60542322 131.76221339
v -32.36396132 -35.20650018 133.20200332
v -29.91448452 -32.73751953 133.21576394
v -32.45264947 -34.55387544 135.12237166
v -32.51068572 -37.06132274 134.04721631
v -32.55144414 -36.41944065 136.17737659
v -31.32935905 -38.22175741 136.56379087
v -31.45067975 -38.93152908 134.42602725
v -28.66902044 -39.94060889 133.98900994
v -28.17381171 -39.28595641 136.1149389
v -18.85919238 -39.71476404 126.90018719
v 99.17931462 19.88384894 139.92610985
v 98.73319218 18.62185147 139.33231187
v 96.48536018 19.80946584 139.89001151
v 98.05672522 21.20090425 140.28131007
v 97.19931789 17.58992211 139.12003675
v 95.24416802 16.84177936 139.09561373
v 96.13960835 22.07752123 140.61944573
v 94.16326968 22.44724525 140.94781479
v 87.73607348 18.88061454 140.75121902
v 90.39399738 15.80561375 139.66781715
v 88.25268788 15.89913099 140.10643996
v 87.26800307 17.0304622 140.64268245
v 87.02560015 18.70509631 141.18016924
v 87.09912139 20.43464357 141.58318714
v 87.88433043 21.78358147 141.78119531
v 89.76900985 22.32036536 141.67854766
v 33.54801706 0.32632123 51.67123892
v 33.53486527 -1.10627653 50.79766749
v 33.18152253 -1.10648674 53.46990497
v 33.0854119 -2.37285771 51.45411688
v 32.80999655 -3.48225927 52.77785935
v 32.76949651 -4.11307442 54.76496214
v 33.24904295 -1.60204412 62.25005924
v 32.55094423 -4.8399803 59.71632675
v 32.68071044 -4.59967367 61.8706485
v 33.17792537 -3.39618278 62.81697485
v 33.69195554 -1.69361677 63.00058235
v 33.71823205 0.06463587 62.91344834
v 33.53421236 1.40734767 62.13785414
v 33.43376821 1.34274895 53.79146033
v 33.49223987 1.75684536 55.77295311
v 33.33730118 1.87862073 60.29161992
v -38.991478 -18.80306129 130.22731532
v -39.77998362 -20.15069082 130.97495453
v -37.02241922 -19.87667997 130.28995766
v -39.04675281 -21.33302247 131.30089808
v -37.41718507 -17.70798634 129.2145762
v -35.79278644 -17.28331122 128.09308035
v -29.51540156 -20.22022306 125.4132538
v -32.0258421 -17.1935513 125.6857162
v -30.37744974 -17.59431929 124.72312322
v -29.42979301 -18.76439735 124.42731914
v -29.06476809 -20.36415674 124.69252509
v -28.78916865 -21.91769979 125.39404874
v -29.22202556 -23.04105913 126.45186437
v -31.14345116 -23.38725205 127.74625511
v -37.43513557 -22.25841139 131.10176358
v -35.58801197 -22.83514403 130.27420476
v -33.85461214 -35.80848453 134.09961142
v -34.32850932 -37.05126329 134.85936996
v -31.69376935 -36.73239328 133.79519872
v -33.60680911 -38.10298101 135.02862333
v -32.35426691 -34.8639219 132.94182831
v -30.91053372 -34.43666774 131.76045067
v -25.23327528 -36.82460887 128.78819917
v -27.59331191 -34.20574461 129.1352857
v -26.10702758 -34.49674231 128.10036933
v -25.29795499 -35.56185933 127.79842671
v -24.83741038 -36.96397368 128.08240331
v -24.46460683 -38.31261355 128.74287311
v -24.77757434 -39.29559952 129.74587678
v -26.33347611 -39.58611302 131.09510749
v -32.06003795 -38.8286067 134.72681378
v -30.36242184 -39.2712879 133.79293684
v 4.24342106 78.27140253 122.1145849
v 4.71677944 77.76821973 123.62126904
v 4.15078209 75.85183349 122.02552033
v 4.01359335 77.34567957 120.39090692
v 3.66655461 75.69261035 119.16529421
v 3.26660516 73.93926453 118.69776636
v 2.20090224 69.98918309 118.51732553
v 2.51231506 68.1859189 122.31017901
v 1.80855428 68.45238117 118.98520078
v 1.52611938 67.88785848 120.55874251
v 1.70567141 67.82173254 122.48333328
v 2.27042524 68.1220485 124.22690617
v 3.15275154 68.90873192 125.48837504
v 3.8317561 70.21555056 125.82207566
v 5.05715629 76.35783504 124.8171556
v 4.87806307 74.5818399 125.53232803
v 29.54115435 -5.63825195 56.12886281
v -25.29795499 -35.56185933 127.79842671
v -24.83741038 -36.96397368 128.08240331
v -25.76759416 -37.1095846 128.34262761
v -26.10702758 -34.49674231 128.10036933
v -24.46460683 -38.31261355 128.74287311
v -24.77757434 -39.29559952 129.74587678
v -26.33347611 -39.58611302 131.09510749
v -27.59331191 -34.20574461 129.1352857
v -32.4638331 -37.13740654 133.15382569
v -30.36242184 -39.2712879 133.79293684
v -32.06003795 -38.8286067 134.72681378
v -33.60680911 -38.10298101 135.02862333
v -34.32850932 -37.05126329 134.85936996
v -33.85461214 -35.80848453 134.09961142
v -32.35426691 -34.8639219 132.94182831
v -30.91053372 -34.43666774 131.76045067
v -39.04675281 -21.33302247 131.30089808
v -39.77998362 -20.15069082 130.97495453
v -37.59860251 -20.51850436 129.3761573
v -37.43513557 -22.25841139 131.10176358
v -35.58801197 -22.83514403 130.27420476
v -38.991478 -18.80306129 130.22731532
v -37.41718507 -17.70798634 129.2145762
v -35.79278644 -17.28331122 128.09308035
v -31.14345116 -23.38725205 127.74625511
v -30.08192662 -20.46463021 124.90374295
v -29.22202556 -23.04105913 126.45186437
v -28.78916865 -21.91769979 125.39404874
v -29.06476809 -20.36415674 124.69252509
v -29.42979301 -18.76439735 124.42731914
v -30.37744974 -17.59431929 124.72312322
v -32.0258421 -17.1935513 125.6857162
v 33.69195554 -1.69361677 63.00058235
v 33.17792537 -3.39618278 62.81697485
v 33.95729327 -1.68233184 62.0385974
v 32.68071044 -4.59967367 61.8706485
v 32.55094423 -4.8399803 59.71632675
v 33.71823205 0.06463587 62.91344834
v 33.53421236 1.40734767 62.13785414
v 33.33730118 1.87862073 60.29161992
v 32.76949651 -4.11307442 54.76496214
v 33.79146268 -1.23826075 53.47965001
v 32.80999655 -3.48225927 52.77785935
v 33.0854119 -2.37285771 51.45411688
v 33.53486527 -1.10627653 50.79766749
v 33.54801706 0.32632123 51.67123892
v 33.43376821 1.34274895 53.79146033
v 33.49223987 1.75684536 55.77295311
v 87.09912139 20.43464357 141.58318714
v 87.02560015 18.70509631 141.18016924
v 88.04585997 18.69178723 141.44242549
v 87.88433043 21.78358147 141.78119531
v 89.76900985 22.32036536 141.67854766
v 87.26800307 17.0304622 140.64268245
v 88.25268788 15.89913099 140.10643996
v 90.39399738 15.80561375 139.66781715
v 95.24416802 16.84177936 139.09561373
v 96.49567624 19.53434339 140.34123682
v 97.19931789 17.58992211 139.12003675
v 98.73319218 18.62185147 139.33231187
v 99.17931462 19.88384894 139.92610985
v 98.05672522 21.20090425 140.28131007
v 96.13960835 22.07752123 140.61944573
v 94.16326968 22.44724525 140.94781479
v 1.52611938 67.88785848 120.55874251
v 1.70567141 67.82173254 122.48333328
v 1.54211035 68.7427423 122.55308155
v 1.80855428 68.45238117 118.98520078
v 2.20090224 69.98918309 118.51732553
v 2.27042524 68.1220485 124.22690617
v 3.15275154 68.90873192 125.48837504
v 3.22196467 76.24839235 122.0708628
v 3.26660516 73.93926453 118.69776636
v 3.66655461 75.69261035 119.16529421
v 4.01359335 77.34567957 120.39090692
v 4.24342106 78.27140253 122.1145849
v 4.71677944 77.76821973 123.62126904
v 5.05715629 76.35783504 124.8171556
v 4.87806307 74.5818399 125.53232803
v 3.8317561 70.21555056 125.82207566
vn -0.08921 0.98236 0.16438
vn 0.64628 0.66535 0.37368
vn 0.64081 0.76674 0.03833
vn -0.04929 0.83579 0.54684
vn 0.0318 0.47702 0.87832
vn 0.66633 0.31859 0.67417
vn -0.07251 0.95833 -0.27629
vn 0.58851 0.72899 -0.3496
vn 0.09073 -0.22859 0.96929
vn 0.73255 -0.17021 0.65909
vn 0.67437 -0.59802 0.43312
vn 0.02118 -0.8547 0.51868
vn 0.65137 -0.75874 0.0062
vn -0.01627 -0.9981 0.05951
vn -0.02884 -0.98018 -0.19602
vn -0.01157 -0.97131 -0.23753
vn 0.61772 0.47867 -0.62394
vn -0.03613 0.8332 -0.55179
vn -0.08979 0.47586 -0.87493
vn 0.5904 -0.01941 -0.80688
vn -0.07807 -0.27058 -0.95953
vn -0.0802 -0.67209 -0.73612
vn 0.59924 -0.48965 -0.63336
vn -0.06879 -0.86175 -0.50264
vn 0.64643 -0.66871 -0.36736
vn -0.03885 -0.92848 -0.36934
vn 0.87556 -0.44155 -0.19605
vn 0.00775 -0.99968 0.02408
vn 0.0206 -0.97339 -0.22822
vn -0.07227 -0.98195 -0.17481
vn 0.15513 -0.98567 -0.06626
vn 0.20656 -0.86889 0.44986
vn 0.40636 -0.81065 0.42156
vn 0.32412 -0.93762 -0.1258
vn 0.61946 -0.68529 0.38296
vn 0.13123 -0.94845 -0.28847
vn 0.3757 -0.21361 0.90179
vn 0.26549 -0.27928 0.92278
vn 0.48782 -0.07471 0.86974
vn 0.21913 0.55109 0.80516
vn 0.29902 0.61916 0.7261
vn 0.06391 0.88176 0.46734
vn -0.03681 0.86181 0.50589
vn -0.05457 0.98285 0.17616
vn -0.09925 0.98148 0.16386
vn -0.12534 0.95696 -0.26176
vn -0.14979 0.95406 -0.2595
vn -0.05738 0.96641 -0.2505
vn 0.04135 0.99285 0.11194
vn 0.17332 0.89938 0.40133
vn -0.10877 0.95417 -0.27879
vn -0.15305 0.84892 -0.50588
vn 0.13541 0.49756 0.8568
vn -0.05393 0.8987 -0.43524
vn -0.11893 0.93472 -0.33489
vn -0.02115 0.88942 -0.4566
vn 0.02429 0.37083 -0.92838
vn -0.12272 0.36953 -0.92108
vn -0.02796 -0.4143 -0.90971
vn -0.15635 -0.24373 -0.95716
vn -0.37936 0.4103 -0.8293
vn -0.00134 -0.31621 -0.94869
vn 0.21098 0.43807 -0.87383
vn 0 -0.72435 -0.68943
vn -0.07779 -0.70217 -0.70775
vn 0.05429 -0.73148 -0.67969
vn 0.08332 -0.88185 -0.46411
vn 0.00983 -0.8814 -0.47226
vn -0.09522 -0.86208 -0.49774
vn 0.00064 -0.93533 -0.35378
vn -0.10471 -0.92231 -0.37199
vn 0.06983 -0.93717 -0.34182
vn -0.11332 -0.81849 -0.56323
vn -0.15781 -0.54513 -0.82337
vn -0.16129 -0.57846 -0.7996
vn -0.14466 -0.83482 -0.53118
vn -0.01904 -0.97477 0.22239
vn 0.0043 -0.97125 0.23802
vn 0.0987 -0.56381 0.81999
vn 0.07984 -0.52813 0.8454
vn 0.05985 0.1243 0.99044
vn 0.1161 0.06534 0.99109
vn 0.03928 0.86849 0.49414
vn -0.02835 0.86564 0.49987
vn -0.04083 0.97178 -0.23234
vn -0.05255 0.96575 -0.2541
vn -0.12443 0.59639 -0.79299
vn -0.15461 0.58762 -0.79423
vn -0.01114 0.96851 -0.24873
vn -0.14784 0.60605 -0.78157
vn -0.02545 0.97375 -0.22618
vn -0.15147 0.62241 -0.7679
vn 0.08832 0.85229 0.51557
vn 0.1019 0.85377 0.51058
vn -0.14649 0.59134 -0.79301
vn 0.00449 0.96717 -0.2541
vn -0.16899 0.54776 -0.81939
vn -0.04291 0.95984 -0.27723
vn -0.00797 0.88202 0.47115
vn -0.0456 0.87862 0.47534
vn -0.20314 0.10889 -0.97308
vn -0.16496 0.06266 -0.98431
vn 0.13142 0.81411 0.56565
vn -0.15134 0.98835 -0.01627
vn 0.13267 0.73642 0.66339
vn -0.20076 0.97909 0.03278
vn -0.0546 0.67433 -0.73641
vn 0.07389 0.47793 -0.87529
vn 0.13493 0.04355 0.9899
vn 0.18907 0.06144 0.98004
vn 0.12382 0.03733 0.9916
vn -0.02222 0.13846 -0.99012
vn -0.09427 0.16538 -0.98171
vn -0.19856 0.14075 -0.96993
vn 0.01761 -0.63619 0.77133
vn 0.0249 -0.64983 0.75967
vn 0.08039 -0.60999 0.78832
vn -0.06259 -0.99733 0.03751
vn -0.09827 -0.99516 0.00024
vn -0.03009 -0.98806 0.15107
vn -0.15299 -0.78977 -0.59402
vn -0.17417 -0.72099 -0.6707
vn -0.19679 -0.42794 -0.88212
vn -0.16346 -0.53811 -0.82688
vn -0.20781 -0.42599 -0.88054
vn -0.19316 -0.72234 -0.66402
vn 0.77557 -0.12296 -0.61917
vn 0.49392 -0.13477 -0.859
vn 0.76353 -0.17796 -0.62076
vn 0.47781 -0.11402 -0.87103
vn 0.98271 -0.12644 0.13529
vn 0.97871 -0.17234 0.11146
vn 0.61301 -0.06284 0.78758
vn 0.63447 -0.08042 0.76875
vn -0.01523 -0.0054 0.99987
vn 0.026 0.00436 0.99965
vn -0.80276 0.07798 0.59118
vn -0.80241 0.0741 0.59216
vn -0.9886 0.10199 -0.11072
vn -0.98411 0.09058 -0.15275
vn -0.6862 0.03174 -0.72672
vn -0.66507 0.02036 -0.7465
vn -0.20152 -0.05957 -0.97767
vn -0.19273 -0.04788 -0.98008
vn -0.69699 -0.00122 -0.71708
vn -0.97892 0.14847 -0.14023
vn -0.67008 -0.03815 -0.74131
vn -0.98779 0.07138 -0.1385
vn -0.81002 0.07316 0.58182
vn -0.80713 -0.02387 0.5899
vn -0.97869 0.12812 -0.1605
vn -0.66568 0.04233 -0.74503
vn -0.98349 0.09281 -0.15534
vn -0.66907 0.01495 -0.74305
vn -0.79427 0.11732 0.59614
vn -0.79544 0.12214 0.59359
vn -0.61487 -0.03153 -0.788
vn -0.99374 -0.02213 -0.1095
vn -0.99331 -0.07578 -0.08716
vn -0.73697 -0.07273 -0.672
vn -0.82431 -0.08497 0.55973
vn -0.99592 -0.07538 -0.04959
vn -0.16648 0.00092 -0.98604
vn -0.21419 -0.05262 -0.97537
vn -0.11967 0.04456 -0.99181
vn -0.96904 -0.08597 0.23146
vn 0.24421 0.14619 0.95864
vn 0.03598 0.038 0.99863
vn 0.55874 0.44262 0.70136
vn 0.64012 0.1454 0.75439
vn 0.64636 -0.06201 0.76051
vn 0.98537 -0.0438 0.16468
vn 0.98159 -0.15553 0.11091
vn 0.7408 -0.04193 -0.67042
vn 0.73876 -0.09721 -0.66692
vn 0.48034 -0.14194 -0.86552
vn 0.46557 -0.13645 -0.87443
vn 0.74604 -0.1634 -0.64554
vn 0.46502 -0.128 -0.876
vn 0.98284 -0.16737 0.07752
vn -0.71558 0.66797 0.20433
vn -0.10004 0.50296 -0.8585
vn -0.16157 0.86919 -0.46734
vn -0.49938 0.78834 0.35936
vn -0.18736 0.93457 0.30245
vn -0.7012 0.69189 0.17204
vn -0.34923 0.89431 -0.27971
vn -0.23414 0.54623 0.80424
vn 0.02469 -0.33989 0.94014
vn 0.38079 -0.39852 0.83437
vn 0.16718 -0.95143 0.25853
vn 0.36156 -0.87992 0.30824
vn 0.15852 -0.94597 -0.28285
vn 0.44445 -0.86549 -0.23106
vn 0.10102 -0.46401 -0.88005
vn 0.38284 -0.55142 -0.74119
vn -0.10044 0.08436 -0.99136
vn 0.02457 0.11078 -0.99354
vn 0.15681 -0.96163 -0.22514
vn 0.11085 -0.95349 0.28032
vn -0.48207 -0.79986 -0.35753
vn -0.57016 -0.75792 0.31697
vn 0.13434 -0.5473 -0.82609
vn -0.1714 -0.59052 -0.78862
vn 0.80253 -0.54641 0.23954
vn 0.82046 -0.54328 -0.17805
vn 0.76259 -0.58625 0.27345
vn 0.77608 -0.55817 -0.29351
vn 0.47357 -0.2737 -0.83715
vn 0.3829 -0.24522 -0.89065
vn -0.83727 -0.38561 0.38766
vn -0.87221 -0.42959 -0.2339
vn -0.88075 -0.41591 0.22648
vn -0.88355 -0.43428 -0.1753
vn -0.44991 -0.2397 -0.8603
vn -0.68059 -0.3656 -0.63493
vn -0.45452 -0.26503 0.85039
vn -0.22682 -0.1084 0.96789
vn 0.05677 -0.36693 0.92851
vn 0.00678 -0.01364 -0.99988
vn 0.01883 -0.02255 -0.99957
vn 0.01746 0.07022 -0.99738
vn 0.41704 0.11594 0.90146
vn 0.23314 0.17094 0.9573
vn 0.39751 0.91109 -0.10911
vn 0.91897 0.23421 0.31725
vn 0.94144 0.1016 0.32152
vn 0.08057 0.98991 0.11658
vn 0.18302 0.9604 0.21009
vn 0.83296 0.31261 -0.45657
vn 0.66724 0.36168 -0.65113
vn 0.33254 0.84188 0.42504
vn 0.5831 0.45394 -0.67374
vn 0.68249 0.49284 -0.53975
vn -0.82649 0.51916 0.21769
vn -0.3546 0.5375 -0.76508
vn -0.35338 0.85075 -0.38903
vn -0.65399 0.73661 0.17234
vn -0.79746 0.53774 0.27366
vn -0.35046 0.84277 0.40857
vn -0.28086 0.38872 0.8775
vn -0.04776 0.9457 -0.32152
vn 0.29552 -0.54316 0.78591
vn 0.49569 -0.47655 0.72608
vn 0.32597 -0.93083 0.1652
vn 0.48886 -0.83506 0.25236
vn 0.29616 -0.87748 -0.37725
vn 0.49102 -0.78037 -0.38719
vn -0.01187 -0.19733 -0.98026
vn 0.40814 -0.35683 -0.84029
vn -0.31554 0.17048 -0.93347
vn -0.21284 0.42773 -0.87849
vn 0.87505 -0.45901 0.15363
vn 0.83375 -0.45623 -0.31099
vn 0.84138 -0.51049 0.17741
vn 0.81026 -0.47348 -0.34539
vn 0.33626 -0.18147 -0.92412
vn 0.30891 -0.1702 -0.93574
vn 0.30916 -0.89912 -0.30986
vn 0.31242 -0.93928 0.14191
vn -0.3427 -0.82705 -0.44558
vn -0.46249 -0.85851 0.22151
vn 0.03229 -0.21702 -0.97563
vn -0.02313 -0.63422 -0.77281
vn -0.2273 -0.06803 -0.97144
vn -0.82074 -0.35644 -0.44647
vn -0.27794 -0.02716 -0.96022
vn -0.87096 -0.33782 -0.3568
vn -0.86652 -0.38118 0.32225
vn -0.86759 -0.34489 0.35823
vn 0.32741 0.1113 -0.9383
vn -0.26674 0.50879 -0.81853
vn 0.34767 0.11136 -0.93098
vn -0.54868 -0.22236 0.80592
vn -0.3698 -0.19111 0.90925
vn -0.37642 -0.8199 0.43136
vn 0.27034 -0.0994 0.95762
vn 0.14539 -0.15522 0.97712
vn 0.78972 -0.56735 -0.23335
vn 0.90331 0.05036 0.42602
vn 0.90015 0.02985 0.43456
vn 0.9257 0.21458 -0.31151
vn 0.08997 0.92973 0.35707
vn 0.47081 0.85495 0.21772
vn 0.74418 0.25004 -0.61942
vn 0.91045 0.15354 -0.38406
vn 0.75657 0.14549 -0.63752
vn -0.03861 0.99695 0.06784
vn 0.53784 0.83111 0.14137
vn 0.96022 0.25569 -0.11222
vn 0.96841 0.2072 0.13877
vn 0.52196 0.81055 0.26564
vn 0.57313 0.80364 0.16026
vn 0.9618 0.26265 0.07715
vn 0.85821 -0.49796 0.12458
vn 0.89327 -0.4457 -0.05851
vn 0.88607 -0.45782 0.0727
vn 0.5271 -0.84681 0.07123
vn -0.28838 0.94707 0.14106
vn 0.54028 -0.82612 0.1601
vn 0.41695 0.66522 0.61938
vn 0.17491 0.93869 0.29711
vn -0.094 0.95064 0.29573
vn -0.0528 0.65415 0.75452
vn 0.62607 0.17426 0.76005
vn 0.18864 0.07618 0.97909
vn 0.26835 -0.55606 0.78663
vn 0.6738 -0.36608 0.64185
vn 0.64295 -0.70054 0.30962
vn 0.39058 -0.88127 0.2661
vn 0.90363 -0.42504 0.05286
vn 0.70682 -0.70661 0.03336
vn 0.8629 -0.46819 -0.19026
vn 0.95853 0.1457 0.24495
vn 0.97177 0.15626 0.17674
vn 0.57611 0.77298 0.2657
vn 0.4873 0.86662 0.10724
vn -0.18641 0.97152 0.14628
vn -0.39492 0.9165 0.06379
vn -0.87047 0.40927 0.27345
vn -0.81721 0.57007 0.08475
vn -0.95993 -0.22325 0.16938
vn -0.85673 -0.30791 0.41378
vn -0.49631 -0.80944 0.31383
vn -0.49533 -0.85607 0.14765
vn -0.12464 -0.98108 0.14814
vn -0.02744 -0.98656 0.16111
vn 0.79225 -0.60837 -0.04721
vn -0.31566 0.93815 0.14225
vn -0.89316 0.44377 0.07297
vn -0.86309 0.49268 0.11109
vn -0.95103 -0.30876 0.01465
vn -0.96121 -0.27138 0.04935
vn -0.50164 -0.86455 0.03018
vn -0.55496 -0.83147 0.02594
vn -0.20854 -0.97775 0.0228
vn -0.19627 -0.98005 0.03122
vn -0.55016 -0.82431 0.13352
vn -0.23475 -0.9389 0.25172
vn -0.50537 -0.64896 0.56873
vn -0.95181 -0.24244 0.18781
vn -0.69479 -0.13001 0.70736
vn -0.31301 -0.59308 0.74181
vn -0.52484 -0.14274 0.83915
vn -0.72785 0.39159 0.56293
vn -0.8538 0.47127 0.2212
vn -0.58448 0.75383 0.30019
vn -0.56544 0.3821 0.73094
vn -0.60221 0.57493 0.5539
vn -0.16117 0.85318 0.4961
vn -0.25664 0.46829 0.84548
vn -0.47066 0.24388 0.84794
vn -0.10651 0.23826 0.96534
vn -0.19609 0.07456 0.97775
vn -0.0799 0.1623 0.9835
vn -0.30287 -0.11399 0.94619
vn -0.0463 0.6831 0.72885
vn -0.0141 0.62045 0.78412
vn -0.01529 0.8082 0.58871
vn -0.10218 0.90699 0.40856
vn -0.2332 0.96644 -0.10773
vn -0.22694 0.96108 -0.15757
vn -0.4519 0.54902 -0.70311
vn -0.38192 0.83096 -0.40454
vn 0.06491 0.84612 0.52902
vn -0.07621 0.99655 0.0329
vn -0.22791 0.9325 -0.28016
vn -0.53817 0.84189 -0.03992
vn -0.97141 -0.05164 -0.23174
vn -0.58807 0.12757 -0.79868
vn -0.69097 -0.59562 -0.40964
vn 0.09021 0.89583 0.43514
vn 0.00534 0.99321 0.11619
vn -0.07129 0.98455 -0.15995
vn -0.01541 0.95895 0.28316
vn -0.1786 0.97281 0.14744
vn -0.91697 0.21379 0.33684
vn -0.98776 -0.05142 -0.14729
vn -0.98998 0.10593 -0.09339
vn -0.93358 0.12244 -0.33681
vn -0.87298 -0.24648 -0.4209
vn -0.72663 0.68638 0.02976
vn -0.67203 0.67883 0.29591
vn -0.76625 0.6128 -0.19322
vn -0.82698 0.45116 -0.3355
vn -0.90692 -0.34141 -0.24684
vn -0.38677 -0.34883 -0.85365
vn -0.2346 -0.1233 -0.96424
vn -0.23655 0.94017 0.24519
vn -0.189 0.98076 0.04892
vn -0.35906 0.92637 -0.11362
vn -0.08133 0.99529 0.05271
vn -0.37523 0.91332 -0.15827
vn -0.99257 -0.12101 0.01248
vn -0.92205 -0.33992 -0.18513
vn -0.93417 -0.21226 -0.28682
vn -0.91649 -0.14411 -0.37319
vn -0.90617 -0.35344 -0.23225
vn -0.93424 0.27256 -0.22999
vn -0.93998 0.29167 -0.1771
vn -0.93146 0.30516 -0.19813
vn -0.85695 0.42962 -0.28471
vn -0.86042 -0.50958 -0.00058
vn -0.68389 -0.57844 0.44464
vn -0.52017 -0.09049 0.84926
vn -0.7356 0.67471 -0.06046
vn -0.50124 0.83091 -0.24156
vn -0.7363 0.61364 -0.28514
vn -0.11625 0.96471 -0.23628
vn -0.37698 0.81676 -0.43679
vn -0.96949 -0.21659 -0.11478
vn -0.74662 -0.37422 -0.55001
vn -0.85632 -0.26598 -0.44269
vn -0.05576 -0.11478 -0.99182
vn -0.67868 -0.25874 -0.68735
vn -0.85933 0.24888 -0.44677
vn -0.82898 0.30352 -0.46976
vn -0.699 0.1359 -0.70209
vn -0.3018 0.02576 -0.95302
vn 0.53661 0.15824 -0.82886
vn 0.62714 0.3582 -0.69166
vn 0.62947 0.77505 -0.05545
vn 0.69535 0.04639 -0.71717
vn 0.26164 -0.47476 -0.84032
vn -0.54514 -0.77584 -0.31765
vn 0.03671 0.39547 -0.91775
vn -0.54713 0.67754 -0.49152
vn -0.4689 0.74586 -0.47311
vn -0.4104 0.61562 -0.67275
vn -0.13352 0.804 -0.57944
vn 0.07486 -0.35021 -0.93368
vn -0.03562 -0.86971 -0.49228
vn 0.14698 0.4009 -0.90425
vn 0.14139 0.40721 -0.90232
vn 0.17615 -0.25019 -0.95204
vn 0.11716 0.51049 -0.85187
vn 0.21211 -0.21434 -0.95345
vn 0.08918 0.79915 -0.59448
vn 0.02698 0.82018 -0.57147
vn 0.00629 0.95815 -0.28621
vn 0.03232 0.96178 -0.2719
vn 0.05915 0.99703 0.04941
vn 0.02594 0.99942 0.02207
vn 0.09672 0.94399 0.31548
vn 0.1486 0.92184 0.35796
vn 0.04218 0.99524 0.0879
vn -0.02014 0.97103 -0.23811
vn 0.14332 0.91167 0.38512
vn -0.05997 0.78153 -0.62097
vn 0.25548 -0.10816 -0.96075
vn 0.08912 0.55065 -0.82996
vn 0.27748 -0.71398 -0.64284
vn 0.35876 -0.63651 -0.68275
vn 0.33623 -0.83388 -0.43771
vn 0.25325 -0.8973 -0.36156
vn 0.26903 -0.91149 -0.31114
vn 0.20207 -0.94722 -0.24888
vn 0.07206 -0.96987 -0.23274
vn 0.08338 -0.98546 -0.14802
vn 0.14622 -0.81156 -0.56567
vn -0.11396 -0.9728 -0.2017
vn -0.11976 -0.95886 -0.25737
vn -0.48495 -0.83784 -0.25068
vn -0.48754 -0.83914 -0.24113
vn -0.84223 0.5332 0.07968
vn -0.55966 0.09345 0.82344
vn -0.48833 -0.86597 0.10782
vn -0.46422 -0.87745 0.12073
vn -0.33007 -0.79104 0.51508
vn -0.32433 -0.81622 0.47812
vn -0.55167 -0.6225 -0.55512
vn 0.50032 0.81531 0.29145
vn -0.52182 -0.35106 -0.77747
vn 0.33321 0.07377 0.93996
vn 0.53265 0.84626 0.0112
vn 0.86495 0.48285 0.13682
vn -0.46933 -0.8768 0.10465
vn 0.41866 0.65513 0.62891
vn 0.16575 -0.9555 -0.244
vn 0.15296 -0.93884 -0.30852
vn 0.3615 0.92158 0.14146
vn -0.32189 -0.85402 0.40871
vn 0.18238 0.93637 -0.29992
vn 0.42941 0.30364 0.85054
vn -0.35445 -0.93473 0.02539
vn -0.35006 -0.93014 -0.11094
vn -0.40746 0.8886 0.21064
vn 0.56711 0.7494 0.34175
vn -0.77497 -0.5808 0.24919
vn -0.91595 0.0842 0.39236
vn -0.80272 -0.27544 0.52893
vn -0.51111 -0.84402 0.16249
vn -0.3618 -0.92699 -0.09894
vn -0.34017 -0.9372 0.07712
vn -0.12372 -0.97835 -0.1659
vn -0.08805 -0.90867 -0.40813
vn 0.07129 -0.921 -0.38298
vn 0.17558 -0.98446 -0.00204
vn 0.28685 -0.93393 -0.21327
vn 0.60166 -0.66108 0.4483
vn 0.39705 -0.63177 0.66574
vn 0.41882 0.158 0.89422
vn 0.31194 0.17323 0.93418
vn 0.14729 0.69428 0.70447
vn 0.22191 0.76329 0.60675
vn 0.38894 0.22368 0.8937
vn 0.77193 0.55472 0.3105
vn 0.86294 0.06855 0.50064
vn 0.96888 0.00647 -0.24745
vn 0.5307 -0.184 0.82735
vn 0.98984 -0.1121 -0.08747
vn 0.99562 0.04102 -0.08399
vn 0.90112 -0.27999 -0.33105
vn 0.9895 -0.01944 0.14323
vn 0.9401 -0.32707 -0.09613
vn 0.81754 0.51968 0.24812
vn 0.51427 0.80857 0.2859
vn 0.84467 0.52837 0.08576
vn 0.35622 0.88485 0.30025
vn 0.56616 -0.69925 0.43648
vn 0.26125 -0.63349 0.72831
vn 0.20927 -0.64722 0.73301
vn 0.00662 -0.95945 0.28181
vn -0.04068 -0.95504 0.29369
vn -0.33492 -0.94201 0.02109
vn -0.93947 -0.29228 0.17878
vn -0.90754 0.22245 0.35622
vn 0.27187 -0.9432 0.19093
vn 0.00256 0.99983 0.01813
vn 0.01636 0.96926 -0.2455
vn 0.06418 0.81543 -0.57528
vn 0.04276 0.95415 0.29625
vn 0.0466 0.85608 0.51473
vn 0.13017 0.88629 0.44446
vn 0.3583 0.68635 0.63288
vn 0.19456 0.72627 0.65931
vn 0.58161 0.0488 0.812
vn -0.32631 0.92519 0.19374
vn -0.62916 0.75307 0.19249
vn 0.43435 0.65265 0.62079
vn 0.44339 0.64176 0.62574
vn 0.69651 0.04685 0.71601
vn 0.66029 -0.68208 0.31432
vn 0.30571 -0.91863 -0.25032
vn 0.15574 -0.92358 -0.35036
vn 0.21489 -0.91223 -0.34881
vn 0.66527 -0.71529 0.21397
vn 0.72533 0.02759 0.68785
vn -0.41881 -0.86793 -0.26701
vn -0.33202 -0.89521 0.29725
vn -0.30989 -0.48443 0.8181
vn -0.5871 -0.40322 0.70194
vn -0.74391 -0.62668 0.2321
vn -0.67936 -0.21486 0.70164
vn -0.89596 -0.39825 0.19661
vn -0.65364 -0.68779 -0.31576
vn -0.41884 -0.81901 -0.39217
vn -0.74877 -0.54521 -0.37695
vn -0.41036 -0.54663 -0.72993
vn -0.15568 -0.58079 -0.79903
vn -0.14396 -0.87563 -0.46103
vn -0.05548 -0.94586 0.31981
vn 0.03159 -0.47766 0.87798
vn 0.03012 0.22041 0.97494
vn -0.26866 -0.10718 0.95725
vn -0.19313 0.51489 0.83522
vn -0.17005 0.8694 0.46392
vn -0.47769 0.82384 0.30513
vn -0.6734 0.50546 0.53948
vn -0.61276 0.77335 -0.16267
vn -0.86647 0.49881 -0.02051
vn -0.75446 0.28285 -0.59228
vn -0.49655 0.60053 -0.62674
vn -0.38018 0.03537 -0.92424
vn -0.2599 0.48995 -0.8321
vn -0.14729 0.069 -0.98668
vn 0.89245 -0.43805 0.10795
vn 0.56201 -0.44534 0.697
vn 0.43264 -0.71781 0.5455
vn 0.54908 -0.83083 0.0907
vn 0.2494 -0.77464 0.58115
vn 0.30714 -0.94837 0.0791
vn 0.57349 -0.71247 -0.40435
vn 0.7281 -0.43984 -0.52575
vn 0.36681 -0.81748 -0.44405
vn 0.17838 -0.35268 0.91859
vn -0.07373 -0.01849 0.99711
vn 0.59756 -0.10331 0.79514
vn 0.96853 -0.19398 0.15595
vn 0.77609 -0.19401 -0.60003
vn 0.43545 -0.15812 -0.88622
vn -0.72159 -0.0896 0.6865
vn -0.85355 -0.34462 0.39076
vn -0.86635 -0.49429 -0.07154
vn -0.57032 -0.61964 0.53925
vn -0.6121 -0.78963 -0.04261
vn -0.43472 -0.67116 -0.60047
vn -0.72913 -0.40032 -0.55508
vn -0.20961 -0.27852 -0.93728
vn -0.55389 -0.14469 -0.81992
vn -0.40866 -0.21904 0.88601
vn -0.21943 -0.05805 -0.9739
vn 0.40758 0.60864 0.68076
vn 0.41329 0.88154 0.22819
vn -0.05417 0.9566 0.28633
vn 0.17491 0.52091 0.8355
vn 0.54188 0.5604 0.62635
vn 0.63196 0.76411 0.12943
vn 0.23207 0.92049 -0.31438
vn -0.10871 0.84223 -0.52804
vn -0.03378 0.66504 -0.74604
vn 0.40612 0.84489 -0.34819
vn -0.67591 0.56238 -0.47631
vn -0.74582 0.58163 0.32475
vn -0.47314 0.25456 0.84341
vn 0.33184 -0.24187 0.9118
vn -0.34072 0.23509 -0.9103
vn 0.58963 -0.47516 0.65311
vn 0.83416 -0.47974 0.27208
vn 0.9017 -0.33501 -0.27333
vn 0.88374 -0.193 0.42632
vn 0.98734 0.00198 -0.15858
vn 0.6902 0.14726 -0.70848
vn 0.65949 -0.19798 -0.72517
vn 0.24013 0.23525 -0.94181
vn 0.23823 -0.00769 -0.97118
vn 0.56818 -0.32219 0.75721
vn 0.03021 0.02594 -0.99921
vn 0.2823 0.1916 0.94
vn -0.12238 0.91233 0.39073
vn 0.39587 0.55469 0.73185
vn 0.35705 0.90606 0.22709
vn 0.14295 0.36409 0.92033
vn 0.32329 0.10059 0.94094
vn 0.59663 0.50464 0.624
vn 0.57028 0.80668 0.1551
vn 0.1211 0.95568 -0.26836
vn -0.25508 0.83424 -0.48886
vn -0.14213 0.69768 -0.70217
vn 0.3167 0.89128 -0.32454
vn -0.42962 0.20124 -0.8803
vn -0.77568 0.48291 -0.40634
vn -0.7916 0.47332 0.38643
vn -0.44772 0.17405 0.87707
vn 0.44763 -0.22902 0.8644
vn 0.68775 -0.42904 0.5856
vn 0.88231 -0.42449 0.20329
vn 0.6175 -0.24226 0.74833
vn 0.93535 -0.14356 0.32329
vn 0.90668 -0.26876 -0.32513
vn 0.95867 0.0651 -0.27696
vn 0.6268 0.26091 -0.7342
vn 0.64576 -0.10444 -0.75636
vn 0.15531 0.04761 -0.98672
vn 0.07868 0.31008 -0.94745
vn -0.11298 0.08738 -0.98975
vn -0.00259 -0.93355 0.35845
vn 0.03348 -0.92756 0.37218
vn 0.07743 -0.94889 0.30595
vn 0.0101 -0.95958 0.28126
vn 0.0896 -0.94955 0.30055
vn 0.12397 -0.94998 0.28664
vn 0.0792 -0.95245 0.29424
vn 0.15214 -0.95634 0.24955
vn 0.33464 -0.90999 0.2448
vn 0.1666 -0.96626 0.19642
vn 0.22569 -0.95954 0.16838
vn 0.37936 -0.91309 0.14952
vn 0.54205 -0.81657 0.19847
vn 0.38051 -0.87113 0.31041
vn 0.18986 -0.9222 0.3369
vn 0.13782 -0.9379 0.31834
vn 0.98753 -0.12107 0.10059
vn 0.9745 -0.12882 0.18372
vn 0.98954 -0.04621 0.13669
vn 0.96923 -0.09614 0.22661
vn 0.9875 -0.00992 0.15729
vn 0.98764 0.0145 0.15605
vn 0.95447 0.27196 0.1226
vn 0.97801 0.00293 0.20854
vn 0.97954 0.10349 0.17262
vn 0.92278 0.3554 0.14887
vn 0.84889 0.51531 0.11765
vn 0.90551 0.4147 0.08985
vn 0.97672 0.18998 0.09961
vn 0.99378 -0.03217 0.10657
vn 0.99125 -0.02698 0.12925
vn 0.99721 0.03748 0.06452
vn -0.20292 0.8828 0.42367
vn -0.18754 0.90642 0.37847
vn -0.3691 0.85787 0.35753
vn -0.22505 0.91861 0.32481
vn -0.35293 0.8111 0.46644
vn -0.48849 0.77156 0.40752
vn -0.67912 0.65059 0.3399
vn -0.50888 0.78588 0.35134
vn -0.56784 0.73096 0.3785
vn -0.71004 0.60173 0.36575
vn -0.83283 0.45891 0.30949
vn -0.74567 0.58856 0.31236
vn -0.54126 0.76926 0.33952
vn -0.51208 0.80086 0.31047
vn -0.3727 0.89615 0.24086
vn -0.48818 0.84129 0.23219
vn -0.30733 0.84328 0.44094
vn -0.30598 0.87208 0.38191
vn -0.44247 0.80571 0.39376
vn -0.31947 0.88161 0.34743
vn -0.40389 0.76975 0.49432
vn -0.53085 0.71964 0.44756
vn -0.70655 0.5821 0.40243
vn -0.55709 0.72443 0.40602
vn -0.61887 0.65924 0.42708
vn -0.77199 0.48047 0.41616
vn -0.83466 0.39166 0.38724
vn -0.7524 0.54355 0.37209
vn -0.60544 0.6981 0.38222
vn -0.56512 0.73731 0.37014
vn -0.42715 0.85161 0.30382
vn -0.53866 0.79401 0.28175
vn -0.97442 -0.22285 -0.02908
vn -0.95182 -0.30549 -0.0267
vn -0.96759 -0.21486 -0.1327
vn -0.98814 -0.1402 -0.06266
vn -0.97597 -0.15678 -0.15134
vn -0.96439 -0.1211 -0.23512
vn -0.95166 -0.18086 -0.24828
vn -0.7505 -0.12025 -0.64984
vn -0.88338 -0.22013 -0.41375
vn -0.54388 -0.16627 -0.82252
vn -0.40712 -0.0238 -0.91306
vn -0.58838 0.04734 -0.8072
vn -0.85666 -0.05597 -0.51284
vn -0.93771 -0.18086 -0.29662
vn -0.94903 -0.28295 -0.13886
vn -0.9415 -0.2603 -0.21406
vn 0.43719 -0.41333 -0.79876
vn 0.44664 -0.87781 -0.1731
vn 0.19554 -0.9073 -0.37224
vn 0.41262 -0.82341 -0.38955
vn 0.5655 -0.81124 -0.14866
vn 0.31099 -0.74838 -0.58584
vn 0.42086 -0.66471 -0.61728
vn 0.4566 -0.64127 -0.61667
vn 0.599 -0.78407 -0.16258
vn 0.573 -0.731 -0.37056
vn 0.46975 -0.60427 -0.64358
vn 0.46362 -0.59086 -0.66026
vn 0.52368 -0.62012 -0.58414
vn 0.63693 -0.67783 -0.36724
vn 0.63746 -0.76008 -0.12617
vn 0.61361 -0.78839 -0.04392
vn 0.59571 -0.79845 -0.08725
vn 0.51196 -0.6316 -0.58222
vn 0.5936 -0.73396 -0.33007
vn 0.53347 -0.76884 -0.35256
vn 0.46142 -0.60786 -0.64622
vn 0.45038 -0.62824 -0.63441
vn 0.56826 -0.82108 -0.05399
vn 0.55539 -0.8315 -0.01193
vn 0.54504 -0.83794 -0.02808
vn 0.4172 -0.71223 -0.56451
vn 0.35787 -0.87204 -0.33388
vn 0.37908 -0.73186 -0.56629
vn 0.31169 -0.7812 -0.54089
vn 0.16227 -0.93353 -0.31966
vn 0.35693 -0.92606 -0.12257
vn 0.49206 -0.86421 -0.10502
vn 0.51638 -0.85156 -0.09052
vn -0.95249 0.26085 -0.15724
vn -0.92001 0.07364 -0.38491
vn -0.98714 0.08414 -0.13593
vn -0.91614 -0.00031 -0.40086
vn -0.91757 -0.01547 -0.39726
vn -0.9926 0.05261 0.10947
vn -0.98909 -0.05384 0.13715
vn -0.98918 -0.02246 0.145
vn -0.92993 -0.05161 -0.36409
vn -0.99014 -0.05765 -0.12769
vn -0.9228 -0.10633 -0.37033
vn -0.92048 -0.11094 -0.37471
vn -0.97941 -0.10227 -0.17405
vn -0.99441 -0.0568 0.08905
vn -0.98888 -0.04328 0.14228
vn -0.99573 0.01004 0.09177
vn 0.09757 0.98635 -0.13267
vn 0.24302 0.93175 -0.26979
vn 0.01697 0.96021 -0.27876
vn -0.0492 0.99312 -0.10624
vn -0.12754 0.9852 -0.11451
vn 0.05454 0.90944 -0.41225
vn -0.1222 0.89883 -0.42092
vn -0.1833 0.89696 -0.40233
vn -0.16877 0.87007 -0.46313
vn -0.167 0.9411 -0.294
vn -0.1833 0.861 -0.47442
vn -0.19548 0.85995 -0.47146
vn -0.18552 0.92845 -0.32182
vn -0.15162 0.98267 -0.10667
vn -0.14252 0.98588 -0.08786
vn -0.16126 0.984 -0.07575
vn 0.98373 -0.06406 0.16783
vn 0.96158 0.20189 -0.18605
vn 0.97498 0.20991 0.07315
vn 0.97074 -0.09058 0.22239
vn 0.9685 -0.10938 0.22371
vn 0.88311 0.44229 0.1565
vn 0.84181 0.4446 0.30608
vn 0.93131 0.16154 0.32646
vn 0.94468 -0.1937 0.26469
vn 0.93614 -0.19871 0.29011
vn 0.90459 -0.17127 0.39037
vn 0.87937 0.18174 0.44008
vn 0.81857 0.48016 0.31527
vn 0.80354 0.52581 0.27901
vn 0.82058 0.51346 0.25102
vn 0.83955 0.48141 0.25181
vt 0.11215 0.46838
vt 0.13562 0.44814
vt 0.11029 0.44725
vt 0.13624 0.46927
vt 0.15571 0.47084
vt 0.15613 0.44934
vt 0.09177 0.468
vt 0.08911 0.44729
vt 0.17273 0.47075
vt 0.174 0.44966
vt 0.19175 0.45
vt 0.19336 0.47021
vt 0.21276 0.45006
vt 0.21317 0.47011
vt 0.23382 0.46995
vt 0.23382 0.45069
vt 0.06734 0.44666
vt 0.07547 0.46871
vt 0.06318 0.46715
vt 0.05383 0.44643
vt 0.05181 0.46793
vt 0.03849 0.4685
vt 0.03816 0.4476
vt 0.02588 0.46868
vt 0.02428 0.44902
vt 0.00696 0.46942
vt 0.00696 0.44978
vt 0.23382 0.47904
vt 0.21316 0.47899
vt 0.19327 0.47875
vt 0.2119 0.48584
vt 0.19463 0.48584
vt 0.23382 0.48584
vt 0.17274 0.48
vt 0.17264 0.48584
vt 0.15418 0.47886
vt 0.15408 0.48584
vt 0.13636 0.4789
vt 0.1126 0.47866
vt 0.09323 0.47822
vt 0.09291 0.48584
vt 0.11202 0.48584
vt 0.13616 0.48584
vt 0.07852 0.47745
vt 0.07573 0.48584
vt 0.07159 0.47663
vt 0.07128 0.47168
vt 0.06273 0.47227
vt 0.06282 0.47711
vt 0.05195 0.47787
vt 0.05482 0.48584
vt 0.06487 0.48584
vt 0.03931 0.47862
vt 0.03937 0.48584
vt 0.02706 0.48584
vt 0.02617 0.47909
vt 0.00696 0.47901
vt 0.00696 0.48584
vt 0.28141 0.78772
vt 0.28141 0.78149
vt 0.26623 0.78149
vt 0.26623 0.78772
vt 0.26623 0.79301
vt 0.28141 0.79301
vt 0.26623 0.79873
vt 0.28141 0.79873
vt 0.28141 0.80424
vt 0.26623 0.80424
vt 0.26623 0.81018
vt 0.28141 0.81018
vt 0.28141 0.81631
vt 0.26623 0.81631
vt 0.28141 0.82243
vt 0.26623 0.82243
vt 0.26339 0.81631
vt 0.26339 0.82243
vt 0.26037 0.81631
vt 0.26037 0.82243
vt 0.26037 0.81018
vt 0.26339 0.81018
vt 0.28476 0.82243
vt 0.28476 0.81631
vt 0.28805 0.82243
vt 0.28805 0.81631
vt 0.28476 0.81018
vt 0.28805 0.81018
vt 0.26623 0.82819
vt 0.28141 0.82819
vt 0.24462 0.81018
vt 0.24462 0.81631
vt 0.24216 0.81018
vt 0.24216 0.81631
vt 0.24462 0.82243
vt 0.24216 0.82243
vt 0.24462 0.80424
vt 0.24216 0.80424
vt 0.26037 0.80424
vt 0.24216 0.82819
vt 0.24462 0.82819
vt 0.26037 0.82819
vt 0.24216 0.79873
vt 0.24462 0.79873
vt 0.26037 0.79873
vt 0.24462 0.79301
vt 0.24216 0.79301
vt 0.26037 0.79301
vt 0.26037 0.78772
vt 0.24462 0.78772
vt 0.24462 0.78149
vt 0.26037 0.78149
vt 0.24216 0.78149
vt 0.24216 0.78772
vt 0.28141 0.84258
vt 0.26623 0.83634
vt 0.26623 0.84258
vt 0.28141 0.83634
vt 0.28141 0.84786
vt 0.26623 0.84786
vt 0.28141 0.85358
vt 0.26623 0.85358
vt 0.28141 0.85909
vt 0.26623 0.85909
vt 0.26623 0.86503
vt 0.28141 0.86503
vt 0.28141 0.87116
vt 0.26623 0.87116
vt 0.28141 0.87728
vt 0.26623 0.87728
vt 0.26623 0.88304
vt 0.28141 0.88304
vt 0.28476 0.87728
vt 0.28476 0.87116
vt 0.28805 0.87728
vt 0.28805 0.87116
vt 0.28476 0.86503
vt 0.28805 0.86503
vt 0.26339 0.87116
vt 0.26339 0.87728
vt 0.26037 0.87116
vt 0.26037 0.87728
vt 0.26037 0.86503
vt 0.26339 0.86503
vt 0.24414 0.87728
vt 0.24414 0.87116
vt 0.24216 0.87116
vt 0.24216 0.87728
vt 0.24414 0.86503
vt 0.24216 0.86503
vt 0.24414 0.88304
vt 0.26037 0.88304
vt 0.24216 0.88304
vt 0.24216 0.85909
vt 0.24414 0.85909
vt 0.26037 0.85909
vt 0.24216 0.85358
vt 0.24414 0.85358
vt 0.26037 0.85358
vt 0.24216 0.84786
vt 0.24414 0.84786
vt 0.24216 0.84258
vt 0.24414 0.84258
vt 0.24216 0.83634
vt 0.24414 0.83634
vt 0.26037 0.84258
vt 0.26037 0.83634
vt 0.26037 0.84786
vt 0.28141 0.89732
vt 0.26623 0.89108
vt 0.26623 0.89732
vt 0.28141 0.89108
vt 0.26623 0.9026
vt 0.28152 0.9026
vt 0.28141 0.90833
vt 0.26623 0.90833
vt 0.26623 0.91383
vt 0.28141 0.91383
vt 0.26623 0.91977
vt 0.28141 0.91977
vt 0.26623 0.9259
vt 0.28141 0.9259
vt 0.26623 0.93202
vt 0.28141 0.93202
vt 0.28141 0.93778
vt 0.26623 0.93778
vt 0.26339 0.9259
vt 0.26339 0.91977
vt 0.26037 0.9259
vt 0.26037 0.91977
vt 0.26339 0.93202
vt 0.26037 0.93202
vt 0.28476 0.91977
vt 0.28476 0.9259
vt 0.28805 0.91977
vt 0.28805 0.9259
vt 0.28476 0.93202
vt 0.28805 0.93202
vt 0.24433 0.91977
vt 0.24433 0.9259
vt 0.24216 0.91977
vt 0.24216 0.9259
vt 0.24433 0.93202
vt 0.24216 0.93202
vt 0.24216 0.91383
vt 0.24433 0.91383
vt 0.26037 0.91383
vt 0.24216 0.93778
vt 0.24433 0.93778
vt 0.26037 0.93778
vt 0.24433 0.90833
vt 0.24216 0.90833
vt 0.26037 0.90833
vt 0.24216 0.9026
vt 0.24433 0.9026
vt 0.26037 0.9026
vt 0.26037 0.89732
vt 0.24433 0.89732
vt 0.24433 0.89108
vt 0.26037 0.89108
vt 0.24216 0.89108
vt 0.24216 0.89732
vt 0.28141 0.95227
vt 0.26623 0.94603
vt 0.26623 0.95227
vt 0.28141 0.94603
vt 0.28141 0.95755
vt 0.26623 0.95755
vt 0.26623 0.96328
vt 0.28141 0.96328
vt 0.26623 0.96878
vt 0.28141 0.96878
vt 0.26623 0.97472
vt 0.28141 0.97472
vt 0.26623 0.98085
vt 0.28141 0.98085
vt 0.26623 0.98697
vt 0.28141 0.98697
vt 0.28141 0.99273
vt 0.26623 0.99273
vt 0.28476 0.97472
vt 0.28476 0.98085
vt 0.28805 0.97472
vt 0.28805 0.98085
vt 0.28476 0.98697
vt 0.28805 0.98697
vt 0.26339 0.98085
vt 0.26339 0.97472
vt 0.26037 0.98085
vt 0.26037 0.97472
vt 0.26339 0.98697
vt 0.26037 0.98697
vt 0.24452 0.98697
vt 0.24452 0.98085
vt 0.24216 0.98697
vt 0.24216 0.98085
vt 0.24452 0.97472
vt 0.24216 0.97472
vt 0.24452 0.99273
vt 0.26037 0.99273
vt 0.24216 0.99273
vt 0.24216 0.96878
vt 0.24452 0.96878
vt 0.26037 0.96878
vt 0.24452 0.96328
vt 0.24216 0.96328
vt 0.26037 0.96328
vt 0.24452 0.95755
vt 0.24216 0.95755
vt 0.24452 0.95227
vt 0.26037 0.95227
vt 0.26037 0.94603
vt 0.24452 0.94603
vt 0.24216 0.95227
vt 0.24216 0.94603
vt 0.26037 0.95755
vt 0.28084 0.74353
vt 0.28084 0.73781
vt 0.27749 0.73781
vt 0.27749 0.74353
vt 0.28413 0.74353
vt 0.28413 0.73781
vt 0.27749 0.73253
vt 0.28084 0.73253
vt 0.28413 0.73253
vt 0.28413 0.72629
vt 0.28413 0.74904
vt 0.27749 0.72629
vt 0.30278 0.74146
vt 0.30005 0.74434
vt 0.30438 0.7469
vt 0.30623 0.74235
vt 0.30354 0.73789
vt 0.30808 0.73781
vt 0.30647 0.73351
vt 0.30296 0.73448
vt 0.30031 0.73176
vt 0.30486 0.72921
vt 0.24472 0.73253
vt 0.24472 0.72629
vt 0.24198 0.73253
vt 0.24472 0.73781
vt 0.24198 0.73781
vt 0.24472 0.74353
vt 0.24198 0.74353
vt 0.24472 0.74904
vt 0.24198 0.74904
vt 0.24198 0.75498
vt 0.24472 0.75498
vt 0.24472 0.76111
vt 0.24198 0.76111
vt 0.24198 0.76723
vt 0.24472 0.76723
vt 0.24472 0.77299
vt 0.24198 0.77299
vt 0.24198 0.72629
vt 0.27749 0.74904
vt 0.27749 0.75498
vt 0.28413 0.75498
vt 0.27749 0.76111
vt 0.28413 0.76111
vt 0.28413 0.76723
vt 0.27749 0.76723
vt 0.28413 0.77299
vt 0.27749 0.77299
vt 0.30057 0.76547
vt 0.30482 0.77115
vt 0.30409 0.76484
vt 0.30057 0.76114
vt 0.30488 0.76117
vt 0.3068 0.76613
vt 0.30878 0.76111
vt 0.30407 0.75764
vt 0.30057 0.75695
vt 0.30477 0.75194
vt 0.30678 0.75653
vt 0.32727 0.13296
vt 0.34008 0.13647
vt 0.33229 0.12402
vt 0.32549 0.12862
vt 0.32508 0.11802
vt 0.32037 0.12307
vt 0.31926 0.11398
vt 0.31457 0.11821
vt 0.3221 0.10968
vt 0.32929 0.11325
vt 0.34031 0.11671
vt 0.3281 0.10729
vt 0.3221 0.1034
vt 0.32781 0.10444
vt 0.32564 0.09788
vt 0.32979 0.10236
vt 0.33171 0.10925
vt 0.33274 0.10601
vt 0.33369 0.10297
vt 0.33437 0.09929
vt 0.32671 0.09262
vt 0.31865 0.09548
vt 0.31883 0.09397
vt 0.33482 0.10962
vt 0.33665 0.10763
vt 0.33618 0.10433
vt 0.344 0.11063
vt 0.33992 0.10103
vt 0.33268 0.09172
vt 0.3283 0.08698
vt 0.3329 0.08887
vt 0.33525 0.08713
vt 0.33187 0.08166
vt 0.33751 0.09124
vt 0.33618 0.09465
vt 0.33899 0.08842
vt 0.33977 0.08348
vt 0.33464 0.07661
vt 0.3275 0.07533
vt 0.32665 0.07657
vt 0.33948 0.09548
vt 0.34173 0.0936
vt 0.34125 0.09014
vt 0.34786 0.09686
vt 0.34482 0.08719
vt 0.33995 0.07698
vt 0.33741 0.07218
vt 0.34078 0.07425
vt 0.3434 0.07295
vt 0.34181 0.06807
vt 0.34479 0.07747
vt 0.34258 0.08019
vt 0.34685 0.07494
vt 0.34907 0.07101
vt 0.34473 0.06414
vt 0.33802 0.06172
vt 0.3391 0.06054
vt 0.34545 0.08155
vt 0.34788 0.08033
vt 0.34866 0.07712
vt 0.35335 0.08443
vt 0.35347 0.07556
vt 0.35096 0.06503
vt 0.34854 0.05905
vt 0.35209 0.06263
vt 0.35383 0.05554
vt 0.35469 0.06197
vt 0.35513 0.06613
vt 0.35289 0.06827
vt 0.35725 0.06433
vt 0.35998 0.06123
vt 0.36356 0.05611
vt 0.35709 0.05089
vt 0.35971 0.04656
vt 0.36781 0.05052
vt 0.37112 0.06175
vt 0.37576 0.05406
vt 0.36671 0.06828
vt 0.35533 0.06975
vt 0.35761 0.06897
vt 0.35862 0.06632
vt 0.36175 0.0732
vt 0.37993 0.0696
vt 0.38716 0.06366
vt 0.37479 0.0749
vt 0.38327 0.08146
vt 0.38823 0.07725
vt 0.39608 0.09209
vt 0.39969 0.08766
vt 0.37984 0.08693
vt 0.39239 0.09655
vt 0.38765 0.10391
vt 0.37507 0.09673
vt 0.38325 0.11323
vt 0.37014 0.10777
vt 0.36571 0.12
vt 0.37843 0.12648
vt 0.38999 0.11625
vt 0.39389 0.10753
vt 0.38561 0.12807
vt 0.39819 0.10042
vt 0.40454 0.09319
vt 0.40123 0.0964
vt 0.40556 0.08293
vt 0.41019 0.08875
vt 0.41504 0.08558
vt 0.41148 0.0795
vt 0.42307 0.08037
vt 0.4197 0.07379
vt 0.40321 0.06611
vt 0.41243 0.06159
vt 0.39542 0.07184
vt 0.39556 0.05489
vt 0.40466 0.04773
vt 0.38426 0.0423
vt 0.39011 0.0348
vt 0.3765 0.03449
vt 0.38328 0.02624
vt 0.39971 0.02389
vt 0.39424 0.01809
vt 0.40732 0.01529
vt 0.40059 0.01113
vt 0.38455 0.01268
vt 0.37827 0.01554
vt 0.3798 0.00908
vt 0.37849 0.00987
vt 0.37674 0.01954
vt 0.37202 0.02182
vt 0.38953 0.01101
vt 0.36849 0.02492
vt 0.36588 0.01952
vt 0.36493 0.02069
vt 0.36753 0.02919
vt 0.39402 0.00731
vt 0.3643 0.03261
vt 0.36247 0.03754
vt 0.3579 0.03345
vt 0.35794 0.03506
vt 0.37032 0.04429
vt 0.36227 0.04161
vt 0.33408 0.19253
vt 0.32445 0.19561
vt 0.32657 0.1999
vt 0.33827 0.20016
vt 0.35018 0.20011
vt 0.34649 0.18348
vt 0.3591 0.1866
vt 0.36387 0.19797
vt 0.37888 0.19192
vt 0.37073 0.17333
vt 0.38367 0.1736
vt 0.37944 0.16358
vt 0.3679 0.16431
vt 0.36477 0.15205
vt 0.35582 0.15341
vt 0.3534 0.14207
vt 0.34598 0.14474
vt 0.34898 0.1547
vt 0.3438 0.15007
vt 0.34595 0.15553
vt 0.34285 0.1558
vt 0.34575 0.16075
vt 0.34325 0.1612
vt 0.34017 0.15609
vt 0.34053 0.16068
vt 0.33508 0.15629
vt 0.33741 0.16389
vt 0.33913 0.15078
vt 0.33508 0.14821
vt 0.34165 0.14978
vt 0.34046 0.1462
vt 0.34329 0.16477
vt 0.34876 0.16468
vt 0.35674 0.16485
vt 0.3484 0.17168
vt 0.35802 0.17311
vt 0.33523 0.17917
vt 0.33095 0.18752
vt 0.32263 0.1886
vt 0.3371 0.17096
vt 0.35917 0.10229
vt 0.36442 0.09082
vt 0.37083 0.08037
vt 0.35373 0.11502
vt 0.35144 0.12802
vt 0.36426 0.12761
vt 0.37706 0.13821
vt 0.36346 0.1392
vt 0.37669 0.151
vt 0.33216 0.14267
vt 0.32536 0.1396
vt 0.38069 0.13841
vt 0.38432 0.13861
vt 0.38072 0.15062
vt 0.38409 0.16323
vt 0.39236 0.17149
vt 0.39119 0.18403
vt 0.39766 0.17988
vt 0.38875 0.16288
vt 0.38475 0.15024
vt 0.40061 0.03519
vt 0.29906 0.79309
vt 0.29906 0.7974
vt 0.30278 0.79665
vt 0.30354 0.79309
vt 0.30623 0.79755
vt 0.30808 0.79301
vt 0.30296 0.78967
vt 0.29906 0.78902
vt 0.30647 0.78871
vt 0.30486 0.78441
vt 0.28805 0.78149
vt 0.28805 0.78772
vt 0.28805 0.79301
vt 0.28805 0.79873
vt 0.28805 0.80424
vt 0.30438 0.8021
vt 0.30477 0.80714
vt 0.30106 0.80997
vt 0.30407 0.81284
vt 0.30678 0.81172
vt 0.30488 0.81637
vt 0.30878 0.81631
vt 0.3068 0.82133
vt 0.30409 0.82004
vt 0.30482 0.82635
vt 0.30109 0.82303
vt 0.28805 0.82819
vt 0.2992 0.84794
vt 0.2992 0.85262
vt 0.30278 0.8515
vt 0.30354 0.84794
vt 0.30623 0.8524
vt 0.30808 0.84786
vt 0.30262 0.84452
vt 0.2992 0.84387
vt 0.30647 0.84356
vt 0.30438 0.85695
vt 0.28805 0.85909
vt 0.28805 0.85358
vt 0.28805 0.84786
vt 0.28805 0.84258
vt 0.28805 0.83634
vt 0.30106 0.86482
vt 0.30407 0.86769
vt 0.30488 0.87122
vt 0.30678 0.86658
vt 0.30878 0.87116
vt 0.3068 0.87618
vt 0.30409 0.87489
vt 0.30482 0.8812
vt 0.30109 0.87788
vt 0.30477 0.86199
vt 0.28805 0.88304
vt 0.30278 0.90625
vt 0.30354 0.90268
vt 0.29921 0.90269
vt 0.29921 0.90699
vt 0.30623 0.90715
vt 0.30808 0.9026
vt 0.30296 0.89927
vt 0.29921 0.89825
vt 0.30486 0.894
vt 0.30647 0.8983
vt 0.28805 0.89732
vt 0.28805 0.9026
vt 0.28805 0.90833
vt 0.28805 0.91383
vt 0.28805 0.89108
vt 0.30106 0.91956
vt 0.30407 0.92243
vt 0.30488 0.92597
vt 0.30678 0.92132
vt 0.30878 0.9259
vt 0.3068 0.93092
vt 0.30409 0.92963
vt 0.30482 0.93595
vt 0.30109 0.93262
vt 0.30477 0.91674
vt 0.28805 0.93778
vt 0.30438 0.91169
vt 0.29921 0.95764
vt 0.30278 0.9612
vt 0.30354 0.95763
vt 0.29921 0.96195
vt 0.30438 0.96664
vt 0.30623 0.9621
vt 0.30808 0.95755
vt 0.30296 0.95422
vt 0.29921 0.9532
vt 0.30486 0.94895
vt 0.30647 0.95325
vt 0.28805 0.94603
vt 0.28805 0.95227
vt 0.28805 0.95755
vt 0.28805 0.96328
vt 0.28805 0.96878
vt 0.30106 0.97451
vt 0.30407 0.97738
vt 0.30477 0.97169
vt 0.30678 0.97627
vt 0.30488 0.98092
vt 0.30878 0.98085
vt 0.3068 0.98587
vt 0.30409 0.98458
vt 0.30109 0.98757
vt 0.30482 0.9909
vt 0.28805 0.99273
vt 0.33919 0.8431
vt 0.33822 0.83948
vt 0.33438 0.8431
vt 0.33734 0.84674
vt 0.33545 0.8368
vt 0.33189 0.83557
vt 0.33402 0.84924
vt 0.33059 0.85048
vt 0.31908 0.8431
vt 0.32324 0.83557
vt 0.31931 0.83625
vt 0.31793 0.83948
vt 0.31771 0.8431
vt 0.31793 0.84674
vt 0.31931 0.85028
vt 0.32288 0.85048
vt 0.33734 0.88631
vt 0.33919 0.88267
vt 0.33438 0.88267
vt 0.33822 0.87906
vt 0.33545 0.87637
vt 0.33189 0.87514
vt 0.31908 0.88267
vt 0.32324 0.87514
vt 0.31931 0.87582
vt 0.31793 0.87906
vt 0.31771 0.88267
vt 0.31793 0.88631
vt 0.31931 0.88986
vt 0.33402 0.88881
vt 0.33059 0.89005
vt 0.32288 0.89005
vt 0.33734 0.92746
vt 0.33919 0.92382
vt 0.33438 0.92382
vt 0.33822 0.9202
vt 0.33402 0.92996
vt 0.33059 0.9312
vt 0.31908 0.92382
vt 0.32288 0.9312
vt 0.31931 0.931
vt 0.31793 0.92746
vt 0.31771 0.92382
vt 0.31793 0.9202
vt 0.31931 0.91697
vt 0.32324 0.91629
vt 0.33545 0.91752
vt 0.33189 0.91629
vt 0.33734 0.96781
vt 0.33919 0.96417
vt 0.33438 0.96417
vt 0.33822 0.96056
vt 0.33402 0.97032
vt 0.33059 0.97156
vt 0.31908 0.96417
vt 0.32288 0.97156
vt 0.31931 0.97136
vt 0.31793 0.96781
vt 0.31771 0.96417
vt 0.31793 0.96056
vt 0.31931 0.95733
vt 0.32324 0.95665
vt 0.33545 0.95788
vt 0.33189 0.95665
vt 0.33919 0.80258
vt 0.33822 0.79897
vt 0.33438 0.80258
vt 0.33734 0.80622
vt 0.33402 0.80872
vt 0.33059 0.80996
vt 0.32288 0.80996
vt 0.31908 0.80258
vt 0.31931 0.80977
vt 0.31793 0.80622
vt 0.31771 0.80258
vt 0.31793 0.79897
vt 0.31931 0.79573
vt 0.32324 0.79505
vt 0.33545 0.79628
vt 0.33189 0.79505
vt 0.30486 0.83926
vt 0.31765 0.97944
vt 0.31648 0.98366
vt 0.31897 0.98365
vt 0.32035 0.97627
vt 0.31723 0.98785
vt 0.31974 0.99097
vt 0.32384 0.99202
vt 0.32416 0.97521
vt 0.33278 0.98365
vt 0.33296 0.99202
vt 0.33636 0.99097
vt 0.33814 0.98785
vt 0.33851 0.98366
vt 0.3377 0.97944
vt 0.33568 0.97627
vt 0.33241 0.97521
vt 0.33814 0.94758
vt 0.33851 0.94339
vt 0.33261 0.94339
vt 0.33636 0.9507
vt 0.33296 0.95175
vt 0.3377 0.93917
vt 0.33568 0.936
vt 0.33241 0.93494
vt 0.32384 0.95175
vt 0.31897 0.94339
vt 0.31974 0.9507
vt 0.31723 0.94758
vt 0.31648 0.94339
vt 0.31765 0.93917
vt 0.32035 0.936
vt 0.32416 0.93494
vt 0.31648 0.90312
vt 0.31723 0.90731
vt 0.31897 0.90312
vt 0.31974 0.91044
vt 0.32384 0.91148
vt 0.31765 0.89891
vt 0.32035 0.89573
vt 0.32416 0.89467
vt 0.33296 0.91148
vt 0.33228 0.90312
vt 0.33636 0.91044
vt 0.33814 0.90731
vt 0.33851 0.90312
vt 0.3377 0.89891
vt 0.33568 0.89573
vt 0.33241 0.89467
vt 0.31765 0.8584
vt 0.31648 0.86262
vt 0.31897 0.86262
vt 0.32035 0.85523
vt 0.32416 0.85417
vt 0.31723 0.86681
vt 0.31974 0.86993
vt 0.32384 0.87098
vt 0.33296 0.87098
vt 0.33278 0.86262
vt 0.33636 0.86993
vt 0.33814 0.86681
vt 0.33851 0.86262
vt 0.3377 0.8584
vt 0.33568 0.85523
vt 0.33241 0.85417
vt 0.31765 0.81721
vt 0.31648 0.82142
vt 0.31897 0.82142
vt 0.32035 0.81403
vt 0.32416 0.81297
vt 0.31723 0.82561
vt 0.31974 0.82873
vt 0.33257 0.82143
vt 0.33241 0.81297
vt 0.33568 0.81403
vt 0.3377 0.81721
vt 0.33851 0.82142
vt 0.33814 0.82561
vt 0.33636 0.82873
vt 0.33296 0.82978
vt 0.32384 0.82978
usemtl mat3
f 702/586/376 703/587/377 704/588/378
f 702/586/376 705/589/379 703/587/377
f 703/587/377 705/589/379 706/590/380
f 707/591/381 703/587/377 706/590/380
f 708/592/382 702/586/376 704/588/378
f 704/588/378 709/593/383 708/592/382
f 707/591/381 706/590/380 710/594/384
f 710/594/384 711/595/385 707/591/381
f 712/596/386 711/595/385 710/594/384
f 710/594/384 713/597/387 712/596/386
f 714/598/388 712/596/386 713/597/387
f 713/597/387 715/599/389 714/598/388
f 715/599/389 716/600/390 714/598/388
f 714/598/388 716/600/390 717/601/391
f 708/592/382 709/593/383 718/602/392
f 718/602/392 719/603/393 708/592/382
f 720/604/394 719/603/393 718/602/392
f 720/604/394 718/602/392 721/605/395
f 721/605/395 722/606/396 720/604/394
f 723/607/397 722/606/396 721/605/395
f 721/605/395 724/608/398 723/607/397
f 723/607/397 724/608/398 725/609/399
f 725/609/399 724/608/398 726/610/400
f 727/611/401 725/609/399 726/610/400
f 726/610/400 728/612/402 727/611/401
f 729/599/403 730/613/404 731/600/405
f 732/614/406 730/613/404 729/599/403
f 733/597/407 732/614/406 729/599/403
f 734/615/408 732/614/406 733/597/407
f 735/616/409 732/614/406 734/615/408
f 734/615/408 736/617/410 735/616/409
f 737/618/411 730/613/404 732/614/406
f 732/614/406 735/616/409 737/618/411
f 738/619/412 734/615/408 733/597/407
f 733/597/407 739/594/413 738/619/412
f 738/619/412 740/620/414 734/615/408
f 740/620/414 736/617/410 734/615/408
f 740/620/414 738/619/412 741/621/415
f 741/621/415 742/622/416 740/620/414
f 742/622/416 741/621/415 743/623/417
f 744/589/418 743/623/417 741/621/415
f 745/624/419 743/623/417 744/589/418
f 744/589/418 746/586/420 745/624/419
f 747/625/421 745/624/419 746/586/420
f 748/592/422 747/625/421 746/586/420
f 747/625/421 749/626/423 745/624/419
f 749/626/423 750/627/424 745/624/419
f 745/624/419 750/627/424 743/623/417
f 750/627/424 751/628/425 743/623/417
f 743/623/417 751/628/425 742/622/416
f 749/626/423 747/625/421 752/629/426
f 752/629/426 747/625/421 748/592/422
f 752/629/426 753/630/427 749/626/423
f 741/621/415 754/590/428 744/589/418
f 739/594/413 754/590/428 738/619/412
f 754/590/428 741/621/415 738/619/412
f 748/592/422 719/603/429 752/629/426
f 752/629/426 755/631/430 753/630/427
f 756/632/431 755/631/430 752/629/426
f 752/629/426 719/603/429 756/632/431
f 755/631/430 756/632/431 757/633/432
f 757/633/432 758/634/433 755/631/430
f 753/630/427 755/631/430 758/634/433
f 759/635/434 758/634/433 757/633/432
f 758/634/433 759/635/434 760/636/435
f 760/636/435 761/637/436 758/634/433
f 761/637/436 753/630/427 758/634/433
f 759/635/434 757/633/432 722/606/437
f 757/633/432 720/604/438 722/606/437
f 756/632/431 719/603/429 720/604/438
f 720/604/438 757/633/432 756/632/431
f 762/638/439 759/635/434 722/606/437
f 722/606/437 723/607/440 762/638/439
f 763/639/441 760/636/435 759/635/434
f 759/635/434 762/638/439 763/639/441
f 764/640/442 763/639/441 762/638/439
f 762/638/439 765/641/443 764/640/442
f 765/641/443 762/638/439 723/607/440
f 765/641/443 723/607/440 766/609/444
f 767/642/445 765/641/443 766/609/444
f 764/640/442 765/641/443 767/642/445
f 766/609/444 768/611/446 767/642/445
f 767/642/445 769/643/447 764/640/442
f 770/644/448 771/645/449 772/646/450
f 772/646/450 773/647/451 770/644/448
f 770/644/448 773/647/451 774/648/452
f 774/648/452 775/649/453 770/644/448
f 774/648/452 776/650/454 775/649/453
f 777/651/455 775/649/453 776/650/454
f 778/652/456 777/651/455 776/650/454
f 776/650/454 779/653/457 778/652/456
f 778/652/456 779/653/457 780/654/458
f 780/654/458 781/655/459 778/652/456
f 782/656/460 781/655/459 780/654/458
f 780/654/458 783/657/461 782/656/460
f 784/658/462 782/656/460 783/657/461
f 784/658/462 783/657/461 785/659/463
f 785/659/463 783/657/461 786/660/464
f 786/660/464 787/661/465 785/659/463
f 787/661/465 786/660/464 788/662/466
f 788/662/466 789/663/467 787/661/465
f 790/664/468 788/662/466 786/660/464
f 786/660/464 791/665/469 790/664/468
f 783/657/461 780/654/458 791/665/469
f 791/665/469 786/660/464 783/657/461
f 780/654/458 779/653/457 791/665/469
f 782/656/460 784/658/462 792/666/470
f 792/666/470 793/667/471 782/656/460
f 781/655/459 782/656/460 793/667/471
f 793/667/471 792/666/470 794/668/472
f 794/668/472 795/669/473 793/667/471
f 793/667/471 796/670/474 781/655/459
f 796/670/474 793/667/471 795/669/473
f 795/669/473 797/671/475 796/670/474
f 784/658/462 785/659/463 798/672/476
f 787/661/465 798/672/476 785/659/463
f 798/672/476 799/673/477 784/658/462
f 784/658/462 799/673/477 792/666/470
f 788/662/466 790/664/468 800/674/478
f 800/674/478 801/675/479 788/662/466
f 789/663/467 788/662/466 801/675/479
f 801/675/479 800/674/478 802/676/480
f 802/676/480 803/677/481 801/675/479
f 801/675/479 804/678/482 789/663/467
f 804/678/482 801/675/479 803/677/481
f 803/677/481 805/679/483 804/678/482
f 802/676/480 800/674/478 806/680/484
f 806/680/484 807/681/485 802/676/480
f 808/682/486 806/680/484 800/674/478
f 800/674/478 790/664/468 808/682/486
f 809/683/487 804/678/482 805/679/483
f 809/683/487 810/684/488 804/678/482
f 789/663/467 804/678/482 810/684/488
f 810/684/488 811/685/489 789/663/467
f 812/686/490 807/681/485 806/680/484
f 806/680/484 813/687/491 812/686/490
f 813/687/491 806/680/484 808/682/486
f 808/682/486 814/688/492 813/687/491
f 815/689/493 812/686/490 813/687/491
f 812/686/490 815/689/493 816/690/494
f 815/689/493 813/687/491 817/691/495
f 814/688/492 817/691/495 813/687/491
f 815/689/493 817/691/495 818/692/496
f 818/692/496 819/693/497 815/689/493
f 816/690/494 815/689/493 819/693/497
f 820/694/498 819/693/497 818/692/496
f 818/692/496 821/695/499 820/694/498
f 819/693/497 820/694/498 822/696/500
f 822/696/500 823/697/501 819/693/497
f 819/693/497 823/697/501 816/690/494
f 817/691/495 814/688/492 776/650/454
f 776/650/454 774/648/452 817/691/495
f 773/647/451 818/692/496 817/691/495
f 817/691/495 774/648/452 773/647/451
f 821/695/499 818/692/496 773/647/451
f 779/653/457 776/650/454 814/688/492
f 814/688/492 808/682/486 779/653/457
f 773/647/451 772/646/450 821/695/499
f 779/653/457 808/682/486 791/665/469
f 790/664/468 791/665/469 808/682/486
f 824/698/502 825/699/503 826/700/504
f 825/699/503 824/698/502 827/701/505
f 828/702/506 824/698/502 826/700/504
f 828/702/506 826/700/504 829/703/507
f 830/704/508 828/702/506 829/703/507
f 830/704/508 829/703/507 831/705/509
f 832/706/510 830/704/508 831/705/509
f 831/705/509 833/707/511 832/706/510
f 832/706/510 833/707/511 834/708/512
f 834/708/512 835/709/513 832/706/510
f 836/710/514 835/709/513 834/708/512
f 834/708/512 837/711/515 836/710/514
f 838/712/516 836/710/514 837/711/515
f 837/711/515 839/713/517 838/712/516
f 838/712/516 839/713/517 840/714/518
f 840/714/518 841/715/519 838/712/516
f 836/710/514 838/712/516 842/716/520
f 838/712/516 841/715/519 842/716/520
f 842/716/520 843/717/521 836/710/514
f 835/709/513 836/710/514 843/717/521
f 843/717/521 842/716/520 844/718/522
f 844/718/522 845/719/523 843/717/521
f 843/717/521 846/720/524 835/709/513
f 846/720/524 843/717/521 845/719/523
f 835/709/513 846/720/524 832/706/510
f 845/719/523 847/721/525 846/720/524
f 839/713/517 837/711/515 848/722/526
f 848/722/526 849/723/527 839/713/517
f 849/723/527 840/714/518 839/713/517
f 849/723/527 848/722/526 850/724/528
f 850/724/528 851/725/529 849/723/527
f 852/726/530 850/724/528 848/722/526
f 848/722/526 853/727/531 852/726/530
f 853/727/531 848/722/526 837/711/515
f 837/711/515 834/708/512 853/727/531
f 854/728/532 851/725/529 850/724/528
f 850/724/528 855/729/533 854/728/532
f 854/728/532 855/729/533 856/730/534
f 856/730/534 857/731/535 854/728/532
f 858/732/536 856/730/534 855/729/533
f 850/724/528 852/726/530 858/732/536
f 858/732/536 855/729/533 850/724/528
f 856/730/534 858/732/536 859/733/537
f 851/725/529 854/728/532 860/734/538
f 860/734/538 861/735/539 851/725/529
f 851/725/529 861/735/539 849/723/527
f 854/728/532 857/731/535 862/736/540
f 862/736/540 860/734/538 854/728/532
f 863/737/541 859/733/537 858/732/536
f 858/732/536 864/738/542 863/737/541
f 865/739/543 864/738/542 858/732/536
f 858/732/536 852/726/530 865/739/543
f 852/726/530 853/727/531 865/739/543
f 866/740/544 863/737/541 864/738/542
f 864/738/542 867/741/545 866/740/544
f 867/741/545 864/738/542 865/739/543
f 865/739/543 868/742/546 867/741/545
f 869/743/547 866/740/544 867/741/545
f 867/741/545 870/744/548 869/743/547
f 870/744/548 867/741/545 868/742/546
f 871/745/549 869/743/547 870/744/548
f 870/744/548 872/746/550 871/745/549
f 873/747/551 871/745/549 872/746/550
f 872/746/550 874/748/552 873/747/551
f 874/748/552 872/746/550 875/749/553
f 875/749/553 876/750/554 874/748/552
f 872/746/550 870/744/548 877/751/555
f 877/751/555 875/749/553 872/746/550
f 868/742/546 877/751/555 870/744/548
f 877/751/555 868/742/546 831/705/509
f 831/705/509 829/703/507 877/751/555
f 875/749/553 877/751/555 829/703/507
f 829/703/507 826/700/504 875/749/553
f 876/750/554 875/749/553 826/700/504
f 833/707/511 831/705/509 868/742/546
f 868/742/546 865/739/543 833/707/511
f 826/700/504 825/699/503 876/750/554
f 833/707/511 865/739/543 853/727/531
f 834/708/512 833/707/511 853/727/531
f 878/752/556 879/753/557 880/754/558
f 879/753/557 878/752/556 881/755/559
f 878/752/556 880/754/558 882/756/560
f 882/756/560 883/757/561 878/752/556
f 884/758/562 883/757/561 882/756/560
f 882/756/560 885/759/563 884/758/562
f 884/758/562 885/759/563 886/760/564
f 886/760/564 887/761/565 884/758/562
f 887/761/565 886/760/564 888/762/566
f 888/762/566 889/763/567 887/761/565
f 889/763/567 888/762/566 890/764/568
f 890/764/568 891/765/569 889/763/567
f 891/765/569 890/764/568 892/766/570
f 892/766/570 893/767/571 891/765/569
f 894/768/572 893/767/571 892/766/570
f 892/766/570 895/769/573 894/768/572
f 896/770/574 890/764/568 888/762/566
f 888/762/566 897/771/575 896/770/574
f 888/762/566 886/760/564 897/771/575
f 898/772/576 896/770/574 897/771/575
f 897/771/575 899/773/577 898/772/576
f 890/764/568 896/770/574 900/774/578
f 900/774/578 892/766/570 890/764/568
f 900/774/578 895/769/573 892/766/570
f 896/770/574 898/772/576 901/775/579
f 901/775/579 900/774/578 896/770/574
f 902/776/580 889/763/567 891/765/569
f 889/763/567 902/776/580 887/761/565
f 891/765/569 903/777/581 902/776/580
f 903/777/581 891/765/569 893/767/571
f 904/778/582 902/776/580 903/777/581
f 903/777/581 905/779/583 904/778/582
f 905/779/583 903/777/581 906/780/584
f 893/767/571 906/780/584 903/777/581
f 893/767/571 894/768/572 906/780/584
f 906/780/584 907/781/585 905/779/583
f 898/772/576 899/773/577 908/782/586
f 908/782/586 909/783/587 898/772/576
f 909/783/587 908/782/586 910/784/588
f 910/784/588 911/785/589 909/783/587
f 898/772/576 909/783/587 912/786/590
f 912/786/590 901/775/579 898/772/576
f 909/783/587 911/785/589 913/787/591
f 913/787/591 912/786/590 909/783/587
f 914/788/592 910/784/588 908/782/586
f 908/782/586 915/789/593 914/788/592
f 915/789/593 908/782/586 899/773/577
f 899/773/577 916/790/594 915/789/593
f 912/786/590 913/787/591 917/791/595
f 917/791/595 918/792/596 912/786/590
f 901/775/579 912/786/590 918/792/596
f 918/792/596 919/793/597 901/775/579
f 914/788/592 915/789/593 920/794/598
f 920/794/598 921/795/599 914/788/592
f 922/796/600 920/794/598 915/789/593
f 915/789/593 916/790/594 922/796/600
f 923/797/601 921/795/599 920/794/598
f 920/794/598 924/798/602 923/797/601
f 924/798/602 920/794/598 922/796/600
f 922/796/600 925/799/603 924/798/602
f 925/799/603 926/800/604 924/798/602
f 926/800/604 927/801/605 924/798/602
f 927/801/605 923/797/601 924/798/602
f 928/802/606 927/801/605 926/800/604
f 926/800/604 929/803/607 928/802/606
f 927/801/605 928/802/606 930/804/608
f 930/804/608 931/805/609 927/801/605
f 927/801/605 931/805/609 923/797/601
f 925/799/603 922/796/600 885/759/563
f 885/759/563 882/756/560 925/799/603
f 880/754/558 925/799/603 882/756/560
f 880/754/558 926/800/604 925/799/603
f 929/803/607 926/800/604 880/754/558
f 886/760/564 885/759/563 922/796/600
f 922/796/600 916/790/594 886/760/564
f 880/754/558 879/753/557 929/803/607
f 886/760/564 916/790/594 897/771/575
f 899/773/577 897/771/575 916/790/594
f 932/806/610 933/807/611 934/808/612
f 933/807/611 932/806/610 935/809/613
f 936/810/614 932/806/610 934/808/612
f 934/808/612 937/811/615 936/810/614
f 937/811/615 938/812/616 936/810/614
f 938/812/616 939/813/617 936/810/614
f 938/812/616 940/814/618 939/813/617
f 940/814/618 941/815/619 939/813/617
f 941/815/619 940/814/618 942/816/620
f 942/816/620 943/817/621 941/815/619
f 942/816/620 944/818/622 943/817/621
f 944/818/622 945/819/623 943/817/621
f 945/819/623 944/818/622 946/820/624
f 946/820/624 947/821/625 945/819/623
f 948/822/626 947/821/625 946/820/624
f 946/820/624 949/823/627 948/822/626
f 945/819/623 950/824/628 943/817/621
f 943/817/621 950/824/628 941/815/619
f 945/819/623 951/825/629 950/824/628
f 951/825/629 952/826/630 950/824/628
f 951/825/629 953/827/631 952/826/630
f 953/827/631 951/825/629 954/828/632
f 954/828/632 951/825/629 945/819/623
f 945/819/623 947/821/625 954/828/632
f 947/821/625 948/822/626 954/828/632
f 954/828/632 955/829/633 953/827/631
f 956/830/634 944/818/622 942/816/620
f 946/820/624 944/818/622 956/830/634
f 942/816/620 957/831/635 956/830/634
f 958/832/636 956/830/634 957/831/635
f 958/832/636 957/831/635 959/833/637
f 956/830/634 960/834/638 946/820/624
f 960/834/638 956/830/634 958/832/636
f 960/834/638 949/823/627 946/820/624
f 958/832/636 961/835/639 960/834/638
f 962/836/640 961/835/639 958/832/636
f 958/832/636 963/837/641 962/836/640
f 963/837/641 958/832/636 959/833/637
f 964/838/642 962/836/640 963/837/641
f 963/837/641 965/839/643 964/838/642
f 965/839/643 963/837/641 966/840/644
f 966/840/644 963/837/641 959/833/637
f 965/839/643 966/840/644 967/841/645
f 961/835/639 962/836/640 968/842/646
f 968/842/646 969/843/647 961/835/639
f 961/835/639 969/843/647 960/834/638
f 962/836/640 964/838/642 970/844/648
f 970/844/648 968/842/646 962/836/640
f 971/845/649 967/841/645 966/840/644
f 966/840/644 972/846/650 971/845/649
f 972/846/650 966/840/644 959/833/637
f 959/833/637 973/847/651 972/846/650
f 971/845/649 972/846/650 974/848/652
f 971/845/649 974/848/652 975/849/653
f 976/850/654 974/848/652 972/846/650
f 972/846/650 973/847/651 976/850/654
f 975/849/653 974/848/652 977/851/655
f 977/851/655 978/852/656 975/849/653
f 979/853/657 978/852/656 977/851/655
f 980/854/658 979/853/657 977/851/655
f 979/853/657 980/854/658 981/855/659
f 981/855/659 982/856/660 979/853/657
f 983/857/661 979/853/657 982/856/660
f 979/853/657 983/857/661 978/852/656
f 982/856/660 984/858/662 983/857/661
f 985/859/663 980/854/658 977/851/655
f 977/851/655 974/848/652 985/859/663
f 974/848/652 976/850/654 985/859/663
f 980/854/658 985/859/663 937/811/615
f 937/811/615 934/808/612 980/854/658
f 981/855/659 980/854/658 934/808/612
f 938/812/616 937/811/615 985/859/663
f 985/859/663 976/850/654 938/812/616
f 940/814/618 938/812/616 976/850/654
f 976/850/654 973/847/651 940/814/618
f 934/808/612 933/807/611 981/855/659
f 940/814/618 973/847/651 957/831/635
f 942/816/620 940/814/618 957/831/635
f 959/833/637 957/831/635 973/847/651
f 986/860/664 987/861/665 988/862/666
f 988/862/666 989/863/667 986/860/664
f 987/861/665 986/860/664 990/864/668
f 990/864/668 991/865/669 987/861/665
f 992/866/670 988/862/666 987/861/665
f 987/861/665 993/867/671 992/866/670
f 993/867/671 987/861/665 991/865/669
f 991/865/669 994/868/672 993/867/671
f 994/868/672 995/869/673 993/867/671
f 990/864/668 986/860/664 996/870/674
f 995/869/673 997/871/675 993/867/671
f 992/866/670 993/867/671 997/871/675
f 991/865/669 990/864/668 998/872/676
f 998/872/676 990/864/668 999/873/677
f 998/872/676 999/873/677 1000/874/678
f 990/864/668 996/870/674 1000/874/678
f 1000/874/678 999/873/677 990/864/668
f 1001/875/679 998/872/676 1000/874/678
f 1002/876/680 998/872/676 1001/875/679
f 998/872/676 1002/876/680 991/865/669
f 994/868/672 991/865/669 1002/876/680
f 1001/875/679 1003/877/681 1002/876/680
f 1002/876/680 1003/877/681 1004/878/682
f 1005/879/683 1002/876/680 1004/878/682
f 1002/876/680 1005/879/683 994/868/672
f 1006/880/684 1005/879/683 1004/878/682
f 1006/880/684 994/868/672 1005/879/683
f 1004/878/682 1007/881/685 1006/880/684
f 1007/881/685 995/869/673 994/868/672
f 994/868/672 1006/880/684 1007/881/685
f 1008/882/686 992/866/670 997/871/675
f 997/871/675 1009/883/687 1008/882/686
f 1008/882/686 1009/883/687 1010/884/688
f 1011/885/689 1008/882/686 1010/884/688
f 1010/884/688 1012/886/690 1011/885/689
f 1013/887/691 1011/885/689 1012/886/690
f 1012/886/690 1014/888/692 1013/887/691
f 1013/887/691 1014/888/692 1015/889/693
f 1016/890/694 1015/889/693 1014/888/692
f 1015/889/693 1016/890/694 1017/891/695
f 1015/889/693 1017/891/695 1018/892/696
f 1019/893/697 1018/892/696 1017/891/695
f 1017/891/695 1020/894/698 1019/893/697
f 1019/893/697 1020/894/698 1021/895/699
f 1021/895/699 1022/896/700 1019/893/697
f 1023/897/701 1022/896/700 1021/895/699
f 1021/895/699 1024/898/702 1023/897/701
f 1025/899/703 1010/884/688 1009/883/687
f 1013/887/691 1015/889/693 1026/900/704
f 1026/900/704 1015/889/693 1018/892/696
f 1026/900/704 989/863/667 1013/887/691
f 989/863/667 1026/900/704 986/860/664
f 996/870/674 986/860/664 1026/900/704
f 996/870/674 1026/900/704 1027/901/705
f 1027/901/705 1026/900/704 1018/892/696
f 1027/901/705 1018/892/696 1019/893/697
f 1028/902/706 996/870/674 1027/901/705
f 1028/902/706 1027/901/705 1029/903/707
f 1029/903/707 1027/901/705 1019/893/697
f 1030/904/708 1028/902/706 1029/903/707
f 1031/905/709 1030/904/708 1029/903/707
f 1029/903/707 1032/906/710 1031/905/709
f 1033/907/711 1031/905/709 1032/906/710
f 1032/906/710 1034/908/712 1033/907/711
f 1034/908/712 1022/896/700 1023/897/701
f 1022/896/700 1034/908/712 1032/906/710
f 1031/905/709 1033/907/711 1035/909/713
f 1030/904/708 1031/905/709 1035/909/713
f 1033/907/711 1036/910/714 1035/909/713
f 1036/910/714 1037/911/715 1035/909/713
f 1035/909/713 1037/911/715 1038/912/716
f 1035/909/713 1038/912/716 1030/904/708
f 1039/913/717 1038/912/716 1037/911/715
f 1036/910/714 1040/914/718 1037/911/715
f 1039/913/717 1037/911/715 1040/914/718
f 1040/914/718 1041/915/719 1039/913/717
f 1039/913/717 1042/916/720 1038/912/716
f 1042/916/720 1039/913/717 1041/915/719
f 1042/916/720 1043/917/721 1038/912/716
f 1038/912/716 1043/917/721 1030/904/708
f 1028/902/706 1030/904/708 1043/917/721
f 1042/916/720 1044/918/722 1043/917/721
f 1042/916/720 1045/919/723 1044/918/722
f 1041/915/719 1045/919/723 1042/916/720
f 1043/917/721 1044/918/722 996/870/674
f 996/870/674 1028/902/706 1043/917/721
f 1032/906/710 1029/903/707 1019/893/697
f 1019/893/697 1022/896/700 1032/906/710
f 1046/920/724 1047/921/725 1048/922/726
f 1048/922/726 1049/923/727 1046/920/724
f 1049/923/727 1048/922/726 1050/924/728
f 1051/925/729 1049/923/727 1050/924/728
f 1051/925/729 1050/924/728 1052/926/730
f 1051/925/729 1052/926/730 1053/927/731
f 1050/924/728 1054/928/732 1052/926/730
f 1055/929/733 1054/928/732 1050/924/728
f 1055/929/733 1050/924/728 1048/922/726
f 1048/922/726 1056/930/734 1055/929/733
f 1056/930/734 1048/922/726 1047/921/725
f 1055/929/733 1057/931/735 1054/928/732
f 1058/932/736 1054/928/732 1057/931/735
f 1057/931/735 1059/933/737 1058/932/736
f 1060/934/738 1058/932/736 1059/933/737
f 1059/933/737 1061/935/739 1060/934/738
f 1059/933/737 1057/931/735 1062/936/740
f 1062/936/740 1057/931/735 1055/929/733
f 1059/933/737 1062/936/740 1063/937/741
f 1061/935/739 1059/933/737 1063/937/741
f 1063/937/741 1064/938/742 1061/935/739
f 1065/939/743 1061/935/739 1064/938/742
f 1060/934/738 1061/935/739 1065/939/743
f 1066/940/744 1060/934/738 1065/939/743
f 1067/941/745 1060/934/738 1066/940/744
f 1066/940/744 1068/942/746 1067/941/745
f 1063/937/741 1062/936/740 1069/943/747
f 1056/930/734 1069/943/747 1055/929/733
f 1069/943/747 1062/936/740 1055/929/733
f 1069/943/747 1070/944/748 1063/937/741
f 1071/945/749 1064/938/742 1063/937/741
f 1063/937/741 1070/944/748 1071/945/749
f 1065/939/743 1064/938/742 1071/945/749
f 1072/946/750 1070/944/748 1069/943/747
f 1071/945/749 1070/944/748 1072/946/750
f 1069/943/747 1056/930/734 1072/946/750
f 1072/946/750 1073/947/751 1071/945/749
f 1073/947/751 1065/939/743 1071/945/749
f 1065/939/743 1074/948/752 1066/940/744
f 1075/949/753 1066/940/744 1074/948/752
f 1074/948/752 1076/950/754 1075/949/753
f 1075/949/753 1076/950/754 1077/951/755
f 1077/951/755 1078/952/756 1075/949/753
f 1079/953/757 1076/950/754 1074/948/752
f 1077/951/755 1076/950/754 1079/953/757
f 1074/948/752 1080/954/758 1079/953/757
f 1079/953/757 1081/955/759 1077/951/755
f 1077/951/755 1082/956/760 1078/952/756
f 1082/956/760 1077/951/755 1081/955/759
f 1078/952/756 1082/956/760 1083/957/761
f 1084/958/762 1078/952/756 1083/957/761
f 1078/952/756 1084/958/762 1085/959/763
f 1080/954/758 1074/948/752 1065/939/743
f 1079/953/757 1080/954/758 1086/960/764
f 1065/939/743 1073/947/751 1086/960/764
f 1086/960/764 1080/954/758 1065/939/743
f 1086/960/764 1087/961/765 1079/953/757
f 1088/962/766 1081/955/759 1079/953/757
f 1079/953/757 1087/961/765 1088/962/766
f 1089/963/767 1087/961/765 1086/960/764
f 1088/962/766 1087/961/765 1089/963/767
f 1086/960/764 1073/947/751 1089/963/767
f 1089/963/767 1090/964/768 1088/962/766
f 1081/955/759 1088/962/766 1090/964/768
f 1090/964/768 1082/956/760 1081/955/759
f 1082/956/760 1091/965/769 1083/957/761
f 1092/966/770 1083/957/761 1091/965/769
f 1091/965/769 1093/967/771 1092/966/770
f 1092/966/770 1093/967/771 1094/968/772
f 1094/968/772 1095/969/773 1092/966/770
f 1096/970/774 1093/967/771 1091/965/769
f 1094/968/772 1093/967/771 1096/970/774
f 1091/965/769 1097/971/775 1096/970/774
f 1096/970/774 1098/972/776 1094/968/772
f 1099/973/777 1094/968/772 1098/972/776
f 1095/969/773 1094/968/772 1099/973/777
f 1095/969/773 1099/973/777 1100/974/778
f 1095/969/773 1100/974/778 1101/975/779
f 1102/976/780 1101/975/779 1100/974/778
f 1097/971/775 1091/965/769 1082/956/760
f 1097/971/775 1082/956/760 1090/964/768
f 1096/970/774 1097/971/775 1103/977/781
f 1090/964/768 1103/977/781 1097/971/775
f 1103/977/781 1104/978/782 1096/970/774
f 1098/972/776 1096/970/774 1104/978/782
f 1104/978/782 1105/979/783 1098/972/776
f 1106/980/784 1104/978/782 1103/977/781
f 1105/979/783 1104/978/782 1106/980/784
f 1103/977/781 1090/964/768 1106/980/784
f 1106/980/784 1107/981/785 1105/979/783
f 1098/972/776 1105/979/783 1107/981/785
f 1107/981/785 1099/973/777 1098/972/776
f 1099/973/777 1108/982/786 1100/974/778
f 1109/983/787 1100/974/778 1108/982/786
f 1108/982/786 1110/984/788 1109/983/787
f 1111/985/789 1109/983/787 1110/984/788
f 1110/984/788 1112/986/790 1111/985/789
f 1113/987/791 1110/984/788 1108/982/786
f 1112/986/790 1110/984/788 1113/987/791
f 1108/982/786 1114/988/792 1113/987/791
f 1113/987/791 1115/989/793 1112/986/790
f 1116/990/794 1112/986/790 1115/989/793
f 1111/985/789 1112/986/790 1116/990/794
f 1111/985/789 1116/990/794 1117/991/795
f 1117/991/795 1118/992/796 1111/985/789
f 1118/992/796 1117/991/795 1119/993/797
f 1119/993/797 1117/991/795 1120/994/798
f 1120/994/798 1117/991/795 1121/995/799
f 1117/991/795 1116/990/794 1121/995/799
f 1120/994/798 1121/995/799 1122/996/800
f 1123/997/801 1121/995/799 1116/990/794
f 1114/988/792 1108/982/786 1099/973/777
f 1113/987/791 1114/988/792 1124/998/802
f 1124/998/802 1114/988/792 1099/973/777
f 1124/998/802 1125/999/803 1113/987/791
f 1113/987/791 1125/999/803 1126/1000/804
f 1126/1000/804 1115/989/793 1113/987/791
f 1126/1000/804 1125/999/803 1123/997/801
f 1123/997/801 1116/990/794 1126/1000/804
f 1116/990/794 1115/989/793 1126/1000/804
f 1099/973/777 1107/981/785 1124/998/802
f 1127/1001/805 1125/999/803 1124/998/802
f 1124/998/802 1107/981/785 1127/1001/805
f 1127/1001/805 1123/997/801 1125/999/803
f 1127/1001/805 1107/981/785 1106/980/784
f 1122/996/800 1121/995/799 1128/1002/806
f 1128/1002/806 1121/995/799 1123/997/801
f 1128/1002/806 1129/1003/807 1122/996/800
f 1123/997/801 1130/1004/808 1128/1002/806
f 1130/1004/808 1123/997/801 1127/1001/805
f 1128/1002/806 1130/1004/808 1131/1005/809
f 1131/1005/809 1132/1006/810 1128/1002/806
f 1129/1003/807 1128/1002/806 1132/1006/810
f 1132/1006/810 1131/1005/809 1133/1007/811
f 1133/1007/811 1134/1008/812 1132/1006/810
f 1133/1007/811 1131/1005/809 1135/1009/813
f 1135/1009/813 1136/1010/814 1133/1007/811
f 1136/1010/814 1135/1009/813 1137/1011/815
f 1137/1011/815 1135/1009/813 1138/1012/816
f 1139/1013/817 1137/1011/815 1138/1012/816
f 1138/1012/816 1140/1014/818 1139/1013/817
f 1139/1013/817 1140/1014/818 1141/1015/819
f 1141/1015/819 1142/1016/820 1139/1013/817
f 1137/1011/815 1139/1013/817 1143/1017/821
f 1143/1017/821 1144/1018/822 1137/1011/815
f 1143/1017/821 1139/1013/817 1145/1019/823
f 1139/1013/817 1142/1016/820 1145/1019/823
f 1137/1011/815 1144/1018/822 1146/1020/824
f 1146/1020/824 1136/1010/814 1137/1011/815
f 1134/1008/812 1133/1007/811 1147/1021/825
f 1148/1022/826 1147/1021/825 1133/1007/811
f 1136/1010/814 1146/1020/824 1148/1022/826
f 1148/1022/826 1133/1007/811 1136/1010/814
f 1149/1023/827 1134/1008/812 1147/1021/825
f 1147/1021/825 1150/1024/828 1149/1023/827
f 1149/1023/827 1150/1024/828 1151/1025/829
f 1149/1023/827 1151/1025/829 1152/1026/830
f 1152/1026/830 1151/1025/829 1153/1027/831
f 1152/1026/830 1153/1027/831 1154/1028/832
f 1155/1029/833 1152/1026/830 1154/1028/832
f 1156/1030/834 1155/1029/833 1154/1028/832
f 1155/1029/833 1157/1031/835 1152/1026/830
f 1157/1031/835 1149/1023/827 1152/1026/830
f 1134/1008/812 1149/1023/827 1157/1031/835
f 1157/1031/835 1132/1006/810 1134/1008/812
f 1158/1032/836 1155/1029/833 1156/1030/834
f 1157/1031/835 1155/1029/833 1158/1032/836
f 1156/1030/834 1159/1033/837 1158/1032/836
f 1160/1034/838 1158/1032/836 1159/1033/837
f 1159/1033/837 1161/1035/839 1160/1034/838
f 1162/1036/840 1160/1034/838 1161/1035/839
f 1162/1036/840 1161/1035/839 1163/1037/841
f 1163/1037/841 1161/1035/839 1164/1038/842
f 1164/1038/842 1165/1039/843 1163/1037/841
f 1165/1039/843 1164/1038/842 1166/1040/844
f 1167/1041/845 1165/1039/843 1166/1040/844
f 1165/1039/843 1168/1042/846 1163/1037/841
f 1168/1042/846 1169/1043/847 1163/1037/841
f 1168/1042/846 1170/1044/848 1169/1043/847
f 1170/1044/848 1171/1045/849 1169/1043/847
f 1163/1037/841 1169/1043/847 1172/1046/850
f 1163/1037/841 1172/1046/850 1173/1047/851
f 1162/1036/840 1163/1037/841 1173/1047/851
f 1174/1048/852 1168/1042/846 1165/1039/843
f 1174/1048/852 1165/1039/843 1167/1041/845
f 1173/1047/851 1175/1049/853 1162/1036/840
f 1176/1050/854 1175/1049/853 1173/1047/851
f 1177/1051/855 1175/1049/853 1176/1050/854
f 1178/1052/856 1162/1036/840 1175/1049/853
f 1167/1041/845 1179/1053/857 1174/1048/852
f 1162/1036/840 1178/1052/856 1180/1054/858
f 1162/1036/840 1180/1054/858 1181/1055/859
f 1181/1055/859 1180/1054/858 1182/1056/860
f 1182/1056/860 1183/1057/861 1181/1055/859
f 1181/1055/859 1184/1058/862 1162/1036/840
f 1185/1059/863 1184/1058/862 1181/1055/859
f 1160/1034/838 1162/1036/840 1184/1058/862
f 1184/1058/862 1122/996/800 1160/1034/838
f 1184/1058/862 1120/994/798 1122/996/800
f 1120/994/798 1184/1058/862 1185/1059/863
f 1122/996/800 1158/1032/836 1160/1034/838
f 1122/996/800 1129/1003/807 1158/1032/836
f 1158/1032/836 1129/1003/807 1157/1031/835
f 1132/1006/810 1157/1031/835 1129/1003/807
f 1185/1059/863 1119/993/797 1120/994/798
f 1186/1060/864 1187/1061/865 1188/1062/866
f 1188/1062/866 1189/1063/867 1186/1060/864
f 1186/1060/864 1189/1063/867 1190/1064/868
f 1191/1065/869 1186/1060/864 1190/1064/868
f 1192/1066/870 1191/1065/869 1190/1064/868
f 1190/1064/868 1193/1067/871 1192/1066/870
f 1192/1066/870 1193/1067/871 1194/1068/872
f 1192/1066/870 1194/1068/872 1195/1069/873
f 1194/1068/872 1196/1070/874 1195/1069/873
f 1197/1071/875 1195/1069/873 1196/1070/874
f 1198/1072/876 1195/1069/873 1197/1071/875
f 1199/1073/877 1198/1072/876 1197/1071/875
f 1198/1072/876 1199/1073/877 1200/1074/878
f 1201/1075/879 1200/1074/878 1199/1073/877
f 1200/1074/878 1201/1075/879 1202/1076/880
f 1202/1076/880 1203/1077/881 1200/1074/878
f 1203/1077/881 1202/1076/880 1204/1078/882
f 1204/1078/882 1205/1079/883 1203/1077/881
f 1206/1080/884 1205/1079/883 1204/1078/882
f 1207/1081/885 1205/1079/883 1206/1080/884
f 1203/1077/881 1205/1079/883 1207/1081/885
f 1206/1080/884 1208/1082/886 1207/1081/885
f 1206/1080/884 1209/1083/887 1208/1082/886
f 1210/1084/888 1208/1082/886 1209/1083/887
f 1210/1084/888 1209/1083/887 1211/1085/889
f 1211/1085/889 1212/1086/890 1210/1084/888
f 1211/1085/889 1209/1083/887 1213/1087/891
f 1213/1087/891 1209/1083/887 1206/1080/884
f 1213/1087/891 1214/1088/892 1211/1085/889
f 1206/1080/884 1215/1089/893 1213/1087/891
f 1204/1078/882 1215/1089/893 1206/1080/884
f 1215/1089/893 1216/1090/894 1213/1087/891
f 1214/1088/892 1213/1087/891 1216/1090/894
f 1204/1078/882 1216/1090/894 1215/1089/893
f 1202/1076/880 1216/1090/894 1204/1078/882
f 1217/1091/895 1210/1084/888 1212/1086/890
f 1208/1082/886 1210/1084/888 1217/1091/895
f 1207/1081/885 1208/1082/886 1217/1091/895
f 1217/1091/895 1218/1092/896 1207/1081/885
f 1207/1081/885 1218/1092/896 1203/1077/881
f 1219/1093/897 1203/1077/881 1218/1092/896
f 1219/1093/897 1218/1092/896 1220/1094/898
f 1218/1092/896 1217/1091/895 1220/1094/898
f 1220/1094/898 1221/1095/899 1219/1093/897
f 1219/1093/897 1221/1095/899 1198/1072/876
f 1200/1074/878 1219/1093/897 1198/1072/876
f 1200/1074/878 1203/1077/881 1219/1093/897
f 1195/1069/873 1198/1072/876 1221/1095/899
f 1195/1069/873 1221/1095/899 1192/1066/870
f 1221/1095/899 1220/1094/898 1191/1065/869
f 1191/1065/869 1192/1066/870 1221/1095/899
f 1222/1096/900 1191/1065/869 1220/1094/898
f 1191/1065/869 1222/1096/900 1223/1097/901
f 1223/1097/901 1186/1060/864 1191/1065/869
f 1186/1060/864 1223/1097/901 1187/1061/865
f 1224/1098/902 1187/1061/865 1223/1097/901
f 1220/1094/898 1225/1099/903 1222/1096/900
f 1220/1094/898 1217/1091/895 1225/1099/903
f 1212/1086/890 1225/1099/903 1217/1091/895
f 1089/963/767 1106/980/784 1090/964/768
f 1106/980/784 1089/963/767 1226/1100/904
f 1226/1100/904 1227/1101/905 1106/980/784
f 1127/1001/805 1106/980/784 1227/1101/905
f 1227/1101/905 1228/1102/906 1127/1001/805
f 1127/1001/805 1228/1102/906 1130/1004/808
f 1131/1005/809 1130/1004/808 1228/1102/906
f 1228/1102/906 1135/1009/813 1131/1005/809
f 1228/1102/906 1227/1101/905 1138/1012/816
f 1138/1012/816 1135/1009/813 1228/1102/906
f 1227/1101/905 1226/1100/904 1140/1014/818
f 1140/1014/818 1138/1012/816 1227/1101/905
f 1226/1100/904 1089/963/767 1072/946/750
f 1073/947/751 1072/946/750 1089/963/767
f 1072/946/750 1229/1103/907 1226/1100/904
f 1226/1100/904 1229/1103/907 1140/1014/818
f 1140/1014/818 1229/1103/907 1141/1015/819
f 1230/1104/908 1141/1015/819 1229/1103/907
f 1230/1104/908 1231/1105/909 1141/1015/819
f 1142/1016/820 1141/1015/819 1231/1105/909
f 1231/1105/909 1232/1106/910 1142/1016/820
f 1233/1107/911 1232/1106/910 1231/1105/909
f 1233/1107/911 1231/1105/909 1230/1104/908
f 1232/1106/910 1233/1107/911 1199/1073/877
f 1199/1073/877 1234/1108/912 1232/1106/910
f 1199/1073/877 1233/1107/911 1201/1075/879
f 1230/1104/908 1201/1075/879 1233/1107/911
f 1202/1076/880 1201/1075/879 1230/1104/908
f 1230/1104/908 1047/921/725 1202/1076/880
f 1047/921/725 1230/1104/908 1056/930/734
f 1229/1103/907 1056/930/734 1230/1104/908
f 1229/1103/907 1072/946/750 1056/930/734
f 1197/1071/875 1234/1108/912 1199/1073/877
f 1202/1076/880 1047/921/725 1216/1090/894
f 1047/921/725 1235/1109/913 1216/1090/894
f 1235/1109/913 1047/921/725 1046/920/724
f 1046/920/724 1236/1110/914 1235/1109/913
f 1214/1088/892 1216/1090/894 1235/1109/913
f 1232/1106/910 1237/1111/915 1142/1016/820
f 1237/1111/915 1232/1106/910 1234/1108/912
f 1142/1016/820 1237/1111/915 1145/1019/823
f 1145/1019/823 1237/1111/915 1238/1112/916
f 1239/1113/917 1234/1108/912 1197/1071/875
f 1238/1112/916 1237/1111/915 1239/1113/917
f 1234/1108/912 1239/1113/917 1237/1111/915
f 1197/1071/875 1240/1114/918 1239/1113/917
f 1196/1070/874 1240/1114/918 1197/1071/875
f 1241/1115/919 1240/1114/918 1196/1070/874
f 1196/1070/874 1242/1116/920 1241/1115/919
f 1242/1116/920 1243/1117/921 1241/1115/919
f 1194/1068/872 1242/1116/920 1196/1070/874
f 1244/1118/922 1240/1114/918 1241/1115/919
f 1240/1114/918 1244/1118/922 1245/1119/923
f 1245/1119/923 1239/1113/917 1240/1114/918
f 1239/1113/917 1245/1119/923 1238/1112/916
f 1164/1038/842 1161/1035/839 1246/1120/924
f 1161/1035/839 1159/1033/837 1246/1120/924
f 1247/1121/925 1248/1122/926 1249/1123/927
f 1249/1123/927 1250/1124/928 1247/1121/925
f 1251/1125/929 1250/1124/928 1249/1123/927
f 1251/1125/929 1252/1126/930 1250/1124/928
f 1250/1124/928 1253/1127/931 1247/1121/925
f 1253/1127/931 1254/1128/932 1247/1121/925
f 1252/1126/930 1255/1129/933 1250/1124/928
f 1255/1129/933 1253/1127/931 1250/1124/928
f 1256/1130/934 1253/1127/931 1255/1129/933
f 1254/1128/932 1253/1127/931 1256/1130/934
f 1257/1131/935 1254/1128/932 1256/1130/934
f 1254/1128/932 1257/1131/935 1258/1132/936
f 1247/1121/925 1254/1128/932 1258/1132/936
f 1258/1132/936 1257/1131/935 771/645/449
f 771/645/449 770/644/448 1258/1132/936
f 1258/1132/936 770/644/448 775/649/453
f 775/649/453 1259/1133/937 1258/1132/936
f 1258/1132/936 1259/1133/937 1247/1121/925
f 1260/1134/938 1259/1133/937 775/649/453
f 1247/1121/925 1259/1133/937 1260/1134/938
f 1260/1134/938 1248/1122/926 1247/1121/925
f 775/649/453 777/651/455 1260/1134/938
f 1261/1135/939 1260/1134/938 777/651/455
f 777/651/455 778/652/456 1261/1135/939
f 1261/1135/939 778/652/456 796/670/474
f 797/671/475 1261/1135/939 796/670/474
f 781/655/459 796/670/474 778/652/456
f 1260/1134/938 1261/1135/939 1262/1136/940
f 1262/1136/940 1248/1122/926 1260/1134/938
f 1249/1123/927 1248/1122/926 1262/1136/940
f 1251/1125/929 1249/1123/927 1262/1136/940
f 1263/1137/941 1261/1135/939 797/671/475
f 797/671/475 1264/1138/942 1263/1137/941
f 1263/1137/941 1264/1138/942 1265/1139/943
f 1263/1137/941 1265/1139/943 1266/1140/944
f 1266/1140/944 1265/1139/943 1267/1141/945
f 1267/1141/945 1265/1139/943 1264/1138/942
f 1266/1140/944 1267/1141/945 1268/1142/946
f 1269/1143/947 1268/1142/946 1267/1141/945
f 1267/1141/945 1270/1144/948 1269/1143/947
f 1271/1145/949 1269/1143/947 1270/1144/948
f 1270/1144/948 1272/1146/950 1271/1145/949
f 1272/1146/950 1270/1144/948 1267/1141/945
f 797/671/475 795/669/473 1264/1138/942
f 1264/1138/942 795/669/473 1267/1141/945
f 1267/1141/945 795/669/473 1272/1146/950
f 794/668/472 1272/1146/950 795/669/473
f 794/668/472 1273/1147/951 1272/1146/950
f 1271/1145/949 1272/1146/950 1273/1147/951
f 792/666/470 1273/1147/951 794/668/472
f 1273/1147/951 792/666/470 799/673/477
f 1274/1148/952 1275/1149/953 1276/1150/954
f 1276/1150/954 1277/1151/955 1274/1148/952
f 1277/1151/955 1276/1150/954 1278/1152/956
f 1278/1152/956 1279/1153/957 1277/1151/955
f 1277/1151/955 1280/1154/958 1274/1148/952
f 1280/1154/958 1281/1155/959 1274/1148/952
f 1279/1153/957 1282/1156/960 1277/1151/955
f 1282/1156/960 1280/1154/958 1277/1151/955
f 1278/1152/956 1276/1150/954 1283/1157/961
f 1276/1150/954 1275/1149/953 1283/1157/961
f 1284/1158/962 1283/1157/961 1275/1149/953
f 1275/1149/953 1285/1159/963 1284/1158/962
f 1285/1159/963 1275/1149/953 1274/1148/952
f 1284/1158/962 1285/1159/963 830/704/508
f 828/702/506 830/704/508 1285/1159/963
f 1285/1159/963 1286/1160/964 828/702/506
f 1274/1148/952 1286/1160/964 1285/1159/963
f 1286/1160/964 1287/1161/965 828/702/506
f 1274/1148/952 1281/1155/959 1287/1161/965
f 1287/1161/965 1286/1160/964 1274/1148/952
f 1287/1161/965 824/698/502 828/702/506
f 830/704/508 832/706/510 1284/1158/962
f 827/701/505 824/698/502 1287/1161/965
f 1287/1161/965 1288/1162/966 827/701/505
f 1281/1155/959 1288/1162/966 1287/1161/965
f 1284/1158/962 832/706/510 846/720/524
f 847/721/525 1284/1158/962 846/720/524
f 1284/1158/962 847/721/525 1289/1163/967
f 1289/1163/967 847/721/525 1290/1164/968
f 1291/1165/969 1290/1164/968 847/721/525
f 1291/1165/969 1292/1166/970 1290/1164/968
f 1293/1167/971 1292/1166/970 1291/1165/969
f 1294/1168/972 1293/1167/971 1291/1165/969
f 1291/1165/969 1295/1169/973 1294/1168/972
f 1295/1169/973 1296/1170/974 1294/1168/972
f 1295/1169/973 1297/1171/975 1296/1170/974
f 847/721/525 845/719/523 1291/1165/969
f 1295/1169/973 1291/1165/969 845/719/523
f 1295/1169/973 844/718/522 1297/1171/975
f 1295/1169/973 845/719/523 844/718/522
f 1290/1164/968 1292/1166/970 1298/1172/976
f 1298/1172/976 1289/1163/967 1290/1164/968
f 1284/1158/962 1289/1163/967 1298/1172/976
f 844/718/522 1299/1173/977 1297/1171/975
f 1296/1170/974 1297/1171/975 1299/1173/977
f 842/716/520 1299/1173/977 844/718/522
f 1299/1173/977 842/716/520 841/715/519
f 1300/1174/978 1301/1175/979 1302/1176/980
f 1302/1176/980 1303/1177/981 1300/1174/978
f 1301/1175/979 1300/1174/978 1304/1178/982
f 1304/1178/982 1305/1179/983 1301/1175/979
f 1301/1175/979 1306/1180/984 1302/1176/980
f 1306/1180/984 1307/1181/985 1302/1176/980
f 1306/1180/984 1308/1182/986 1307/1181/985
f 1308/1182/986 1306/1180/984 1309/1183/987
f 1305/1179/983 1309/1183/987 1301/1175/979
f 1306/1180/984 1301/1175/979 1309/1183/987
f 1302/1176/980 1307/1181/985 1310/1184/988
f 1310/1184/988 1311/1185/989 1302/1176/980
f 1310/1184/988 883/757/561 1311/1185/989
f 1310/1184/988 878/752/556 883/757/561
f 1312/1186/990 1311/1185/989 883/757/561
f 1302/1176/980 1311/1185/989 1312/1186/990
f 1312/1186/990 1303/1177/981 1302/1176/980
f 883/757/561 884/758/562 1312/1186/990
f 1313/1187/991 1312/1186/990 884/758/562
f 1312/1186/990 1313/1187/991 1303/1177/981
f 884/758/562 887/761/565 1313/1187/991
f 881/755/559 878/752/556 1310/1184/988
f 1310/1184/988 1314/1188/992 881/755/559
f 1307/1181/985 1308/1182/986 1314/1188/992
f 1307/1181/985 1314/1188/992 1310/1184/988
f 1313/1187/991 887/761/565 902/776/580
f 904/778/582 1313/1187/991 902/776/580
f 1315/1189/993 1313/1187/991 904/778/582
f 1315/1189/993 904/778/582 1316/1190/994
f 904/778/582 905/779/583 1316/1190/994
f 1317/1191/995 1316/1190/994 905/779/583
f 1317/1191/995 1318/1192/996 1316/1190/994
f 1319/1193/997 1318/1192/996 1317/1191/995
f 1320/1194/998 1319/1193/997 1317/1191/995
f 1317/1191/995 1321/1195/999 1320/1194/998
f 1321/1195/999 1317/1191/995 905/779/583
f 1320/1194/998 1321/1195/999 1322/1196/1000
f 1322/1196/1000 1321/1195/999 1323/1197/1001
f 1321/1195/999 907/781/585 1323/1197/1001
f 1321/1195/999 905/779/583 907/781/585
f 1316/1190/994 1318/1192/996 1324/1198/1002
f 1324/1198/1002 1315/1189/993 1316/1190/994
f 1313/1187/991 1315/1189/993 1324/1198/1002
f 1323/1197/1001 907/781/585 1325/1199/1003
f 1325/1199/1003 1322/1196/1000 1323/1197/1001
f 906/780/584 1325/1199/1003 907/781/585
f 1325/1199/1003 906/780/584 894/768/572
f 1313/1187/991 1326/1200/1004 1303/1177/981
f 1326/1200/1004 1300/1174/978 1303/1177/981
f 1326/1200/1004 1304/1178/982 1300/1174/978
f 1327/1201/1005 1328/1202/1006 1329/1203/1007
f 1330/1204/1008 1328/1202/1006 1327/1201/1005
f 1331/1205/1009 1328/1202/1006 1330/1204/1008
f 1331/1205/1009 1332/1206/1010 1328/1202/1006
f 1329/1203/1007 1328/1202/1006 1332/1206/1010
f 1333/1207/1011 1329/1203/1007 1332/1206/1010
f 1329/1203/1007 1334/1208/1012 1327/1201/1005
f 1334/1208/1012 1335/1209/1013 1327/1201/1005
f 1334/1208/1012 1336/1210/1014 1335/1209/1013
f 1336/1210/1014 1334/1208/1012 1337/1211/1015
f 1337/1211/1015 1329/1203/1007 1333/1207/1011
f 1334/1208/1012 1329/1203/1007 1337/1211/1015
f 1338/1212/1016 1335/1209/1013 1336/1210/1014
f 1335/1209/1013 1338/1212/1016 1339/1213/1017
f 1327/1201/1005 1335/1209/1013 1339/1213/1017
f 1339/1213/1017 1338/1212/1016 935/809/613
f 935/809/613 932/806/610 1339/1213/1017
f 1340/1214/1018 1339/1213/1017 932/806/610
f 1339/1213/1017 1340/1214/1018 1327/1201/1005
f 932/806/610 936/810/614 1340/1214/1018
f 1341/1215/1019 1340/1214/1018 936/810/614
f 1341/1215/1019 1330/1204/1008 1327/1201/1005
f 1327/1201/1005 1340/1214/1018 1341/1215/1019
f 936/810/614 939/813/617 1341/1215/1019
f 939/813/617 941/815/619 1341/1215/1019
f 941/815/619 1342/1216/1020 1341/1215/1019
f 1342/1216/1020 941/815/619 950/824/628
f 952/826/630 1342/1216/1020 950/824/628
f 1341/1215/1019 1342/1216/1020 1330/1204/1008
f 1342/1216/1020 1331/1205/1009 1330/1204/1008
f 1342/1216/1020 952/826/630 1343/1217/1021
f 1343/1217/1021 952/826/630 1344/1218/1022
f 1345/1219/1023 1343/1217/1021 1344/1218/1022
f 1343/1217/1021 1345/1219/1023 1342/1216/1020
f 1345/1219/1023 1344/1218/1022 1346/1220/1024
f 1347/1221/1025 1346/1220/1024 1344/1218/1022
f 1348/1222/1026 1346/1220/1024 1347/1221/1025
f 1349/1223/1027 1348/1222/1026 1347/1221/1025
f 1350/1224/1028 1349/1223/1027 1347/1221/1025
f 1349/1223/1027 1350/1224/1028 1351/1225/1029
f 1351/1225/1029 1352/1226/1030 1349/1223/1027
f 1350/1224/1028 955/829/633 1351/1225/1029
f 955/829/633 1350/1224/1028 1347/1221/1025
f 1347/1221/1025 953/827/631 955/829/633
f 952/826/630 953/827/631 1344/1218/1022
f 1347/1221/1025 1344/1218/1022 953/827/631
f 1351/1225/1029 955/829/633 1353/1227/1031
f 1353/1227/1031 1352/1226/1030 1351/1225/1029
f 954/828/632 1353/1227/1031 955/829/633
f 1353/1227/1031 954/828/632 948/822/626
f 949/823/627 960/834/638 969/843/647
f 901/775/579 919/793/597 900/774/578
f 895/769/573 900/774/578 919/793/597
f 840/714/518 849/723/527 861/735/539
f 798/672/476 787/661/465 811/685/489
f 789/663/467 811/685/489 787/661/465
f 1354/1228/1032 1355/1229/1033 1356/1230/1034
f 1357/1231/1035 1354/1228/1032 1356/1230/1034
f 1355/1229/1033 1358/1232/1036 1356/1230/1034
f 1359/1233/1037 1356/1230/1034 1358/1232/1036
f 1360/1234/1038 1357/1231/1035 1356/1230/1034
f 1360/1234/1038 1356/1230/1034 1361/1235/1039
f 1362/1236/1040 1356/1230/1034 1359/1233/1037
f 1359/1233/1037 1363/1237/1041 1362/1236/1040
f 1364/1238/1042 1362/1236/1040 1363/1237/1041
f 1365/1239/1043 1362/1236/1040 1364/1238/1042
f 1366/1240/1044 1362/1236/1040 1365/1239/1043
f 1367/1241/1045 1362/1236/1040 1366/1240/1044
f 1368/1242/1046 1362/1236/1040 1367/1241/1045
f 1369/1243/1047 1362/1236/1040 1368/1242/1046
f 1356/1230/1034 1362/1236/1040 1369/1243/1047
f 1369/1243/1047 1361/1235/1039 1356/1230/1034
f 1370/1244/1048 1371/1245/1049 1372/1246/1050
f 1371/1245/1049 1373/1247/1051 1372/1246/1050
f 1373/1247/1051 1374/1248/1052 1372/1246/1050
f 1375/1249/1053 1372/1246/1050 1374/1248/1052
f 1376/1250/1054 1372/1246/1050 1375/1249/1053
f 1375/1249/1053 1377/1251/1055 1376/1250/1054
f 1378/1252/1056 1376/1250/1054 1377/1251/1055
f 1379/1253/1057 1376/1250/1054 1378/1252/1056
f 1380/1254/1058 1376/1250/1054 1379/1253/1057
f 1381/1255/1059 1376/1250/1054 1380/1254/1058
f 1382/1256/1060 1376/1250/1054 1381/1255/1059
f 1383/1257/1061 1370/1244/1048 1372/1246/1050
f 1383/1257/1061 1372/1246/1050 1384/1258/1062
f 1385/1259/1063 1376/1250/1054 1382/1256/1060
f 1385/1259/1063 1384/1258/1062 1372/1246/1050
f 1372/1246/1050 1376/1250/1054 1385/1259/1063
f 1386/1260/1064 1387/1261/1065 1388/1262/1066
f 1387/1261/1065 1389/1263/1067 1388/1262/1066
f 1390/1264/1068 1386/1260/1064 1388/1262/1066
f 1390/1264/1068 1388/1262/1066 1391/1265/1069
f 1391/1265/1069 1388/1262/1066 1392/1266/1070
f 1392/1266/1070 1393/1267/1071 1391/1265/1069
f 1393/1267/1071 1392/1266/1070 1394/1268/1072
f 1394/1268/1072 1392/1266/1070 1395/1269/1073
f 1395/1269/1073 1392/1266/1070 1396/1270/1074
f 1396/1270/1074 1392/1266/1070 1397/1271/1075
f 1397/1271/1075 1392/1266/1070 1398/1272/1076
f 1398/1272/1076 1392/1266/1070 1399/1273/1077
f 1388/1262/1066 1399/1273/1077 1392/1266/1070
f 1389/1263/1067 1400/1274/1078 1388/1262/1066
f 1401/1275/1079 1388/1262/1066 1400/1274/1078
f 1401/1275/1079 1399/1273/1077 1388/1262/1066
f 1402/1276/1080 1403/1277/1081 1404/1278/1082
f 1403/1277/1081 1405/1279/1083 1404/1278/1082
f 1406/1280/1084 1402/1276/1080 1404/1278/1082
f 1406/1280/1084 1404/1278/1082 1407/1281/1085
f 1407/1281/1085 1404/1278/1082 1408/1282/1086
f 1408/1282/1086 1409/1283/1087 1407/1281/1085
f 1409/1283/1087 1408/1282/1086 1410/1284/1088
f 1410/1284/1088 1408/1282/1086 1411/1285/1089
f 1411/1285/1089 1408/1282/1086 1412/1286/1090
f 1412/1286/1090 1408/1282/1086 1413/1287/1091
f 1413/1287/1091 1408/1282/1086 1414/1288/1092
f 1414/1288/1092 1408/1282/1086 1415/1289/1093
f 1404/1278/1082 1415/1289/1093 1408/1282/1086
f 1405/1279/1083 1416/1290/1094 1404/1278/1082
f 1417/1291/1095 1404/1278/1082 1416/1290/1094
f 1417/1291/1095 1415/1289/1093 1404/1278/1082
f 1418/1292/1096 1419/1293/1097 1420/1294/1098
f 1421/1295/1099 1418/1292/1096 1420/1294/1098
f 1421/1295/1099 1420/1294/1098 1422/1296/1100
f 1422/1296/1100 1420/1294/1098 1423/1297/1101
f 1424/1298/1102 1423/1297/1101 1420/1294/1098
f 1420/1294/1098 1425/1299/1103 1424/1298/1102
f 1424/1298/1102 1425/1299/1103 1426/1300/1104
f 1426/1300/1104 1425/1299/1103 1427/1301/1105
f 1427/1301/1105 1425/1299/1103 1428/1302/1106
f 1428/1302/1106 1425/1299/1103 1429/1303/1107
f 1429/1303/1107 1425/1299/1103 1430/1304/1108
f 1430/1304/1108 1425/1299/1103 1431/1305/1109
f 1432/1306/1110 1420/1294/1098 1419/1293/1097
f 1433/1307/1111 1420/1294/1098 1432/1306/1110
f 1433/1307/1111 1431/1305/1109 1425/1299/1103
f 1425/1299/1103 1420/1294/1098 1433/1307/1111
f 1434/1308/1112 1280/1154/958 1282/1156/960
f 1434/1308/1112 1281/1155/959 1280/1154/958
f 1288/1162/966 1281/1155/959 1434/1308/1112
f 1435/1309/1113 1436/1310/1114 1437/1311/1115
f 1438/1312/1116 1435/1309/1113 1437/1311/1115
f 1436/1310/1114 1439/1313/1117 1437/1311/1115
f 1439/1313/1117 1440/1314/1118 1437/1311/1115
f 1440/1314/1118 1441/1315/1119 1437/1311/1115
f 1442/1316/1120 1438/1312/1116 1437/1311/1115
f 1443/1317/1121 1437/1311/1115 1441/1315/1119
f 1441/1315/1119 1444/1318/1122 1443/1317/1121
f 1444/1318/1122 1445/1319/1123 1443/1317/1121
f 1445/1319/1123 1446/1320/1124 1443/1317/1121
f 1446/1320/1124 1447/1321/1125 1443/1317/1121
f 1447/1321/1125 1448/1322/1126 1443/1317/1121
f 1448/1322/1126 1449/1323/1127 1443/1317/1121
f 1449/1323/1127 1450/1324/1128 1443/1317/1121
f 1450/1324/1128 1442/1316/1120 1437/1311/1115
f 1437/1311/1115 1443/1317/1121 1450/1324/1128
f 1451/1325/1129 1452/1326/1130 1453/1327/1131
f 1454/1328/1132 1451/1325/1129 1453/1327/1131
f 1455/1329/1133 1454/1328/1132 1453/1327/1131
f 1452/1326/1130 1456/1330/1134 1453/1327/1131
f 1456/1330/1134 1457/1331/1135 1453/1327/1131
f 1457/1331/1135 1458/1332/1136 1453/1327/1131
f 1459/1333/1137 1455/1329/1133 1453/1327/1131
f 1453/1327/1131 1460/1334/1138 1459/1333/1137
f 1461/1335/1139 1459/1333/1137 1460/1334/1138
f 1462/1336/1140 1461/1335/1139 1460/1334/1138
f 1463/1337/1141 1462/1336/1140 1460/1334/1138
f 1464/1338/1142 1463/1337/1141 1460/1334/1138
f 1465/1339/1143 1464/1338/1142 1460/1334/1138
f 1466/1340/1144 1465/1339/1143 1460/1334/1138
f 1453/1327/1131 1466/1340/1144 1460/1334/1138
f 1453/1327/1131 1458/1332/1136 1466/1340/1144
f 1467/1341/1145 1468/1342/1146 1469/1343/1147
f 1468/1342/1146 1470/1344/1148 1469/1343/1147
f 1470/1344/1148 1471/1345/1149 1469/1343/1147
f 1472/1346/1150 1467/1341/1145 1469/1343/1147
f 1473/1347/1151 1472/1346/1150 1469/1343/1147
f 1474/1348/1152 1473/1347/1151 1469/1343/1147
f 1471/1345/1149 1475/1349/1153 1469/1343/1147
f 1475/1349/1153 1476/1350/1154 1469/1343/1147
f 1476/1350/1154 1474/1348/1152 1469/1343/1147
f 1475/1349/1153 1477/1351/1155 1476/1350/1154
f 1477/1351/1155 1478/1352/1156 1476/1350/1154
f 1478/1352/1156 1479/1353/1157 1476/1350/1154
f 1479/1353/1157 1480/1354/1158 1476/1350/1154
f 1480/1354/1158 1481/1355/1159 1476/1350/1154
f 1481/1355/1159 1482/1356/1160 1476/1350/1154
f 1476/1350/1154 1482/1356/1160 1474/1348/1152
f 1483/1357/1161 1484/1358/1162 1485/1359/1163
f 1486/1360/1164 1483/1357/1161 1485/1359/1163
f 1487/1361/1165 1486/1360/1164 1485/1359/1163
f 1484/1358/1162 1488/1362/1166 1485/1359/1163
f 1488/1362/1166 1489/1363/1167 1485/1359/1163
f 1489/1363/1167 1490/1364/1168 1485/1359/1163
f 1491/1365/1169 1485/1359/1163 1490/1364/1168
f 1491/1365/1169 1492/1366/1170 1485/1359/1163
f 1492/1366/1170 1487/1361/1165 1485/1359/1163
f 1491/1365/1169 1493/1367/1171 1492/1366/1170
f 1493/1367/1171 1494/1368/1172 1492/1366/1170
f 1494/1368/1172 1495/1369/1173 1492/1366/1170
f 1495/1369/1173 1496/1370/1174 1492/1366/1170
f 1496/1370/1174 1497/1371/1175 1492/1366/1170
f 1497/1371/1175 1498/1372/1176 1492/1366/1170
f 1492/1366/1170 1498/1372/1176 1487/1361/1165
f 1499/1373/1177 1500/1374/1178 1501/1375/1179
f 1502/1376/1180 1499/1373/1177 1501/1375/1179
f 1503/1377/1181 1502/1376/1180 1501/1375/1179
f 1500/1374/1178 1504/1378/1182 1501/1375/1179
f 1504/1378/1182 1505/1379/1183 1501/1375/1179
f 1506/1380/1184 1503/1377/1181 1501/1375/1179
f 1506/1380/1184 1507/1381/1185 1503/1377/1181
f 1508/1382/1186 1507/1381/1185 1506/1380/1184
f 1509/1383/1187 1508/1382/1186 1506/1380/1184
f 1510/1384/1188 1509/1383/1187 1506/1380/1184
f 1511/1385/1189 1510/1384/1188 1506/1380/1184
f 1512/1386/1190 1511/1385/1189 1506/1380/1184
f 1513/1387/1191 1512/1386/1190 1506/1380/1184
f 1505/1379/1183 1514/1388/1192 1501/1375/1179
f 1506/1380/1184 1514/1388/1192 1513/1387/1191
f 1501/1375/1179 1514/1388/1192 1506/1380/1184
f 989/863/667 988/862/666 1011/885/689
f 1011/885/689 1013/887/691 989/863/667
f 1008/882/686 1011/885/689 988/862/666
f 988/862/666 992/866/670 1008/882/686
f 728/612/402 712/596/386 714/598/388
f 712/596/386 728/612/402 726/610/400
f 712/596/386 726/610/400 711/595/385
f 711/595/385 726/610/400 724/608/398
f 711/595/385 724/608/398 721/605/395
f 711/595/385 721/605/395 707/591/381
f 707/591/381 721/605/395 718/602/392
f 707/591/381 718/602/392 703/587/377
f 703/587/377 718/602/392 709/593/383
f 703/587/377 709/593/383 704/588/378
# Vertices: 813, normals: 817, texture coordinates: 803, faces: 1186

